step,ann IC50 list
0,22.96;22.96;22.96;22.96;22.96;22.96;22.96;22.96;22.96;22.96
1,10067.7;73.05;17.91;52.21;8.08;17.91;276.57;4.24;22.79;10262.14
2,15500.28;6.79;14.31;54.94;81.19;4.15;50.56;2.17;20.33;3301.71
3,14646.4;9058.56;100.77;4679.01;718.36;24.94;17960.2;2.32;16.54;2733.94
4,13251.23;6.96;20930.21;2626.77;318.29;367.6;248.74;2.2;6.99;5910.62
5,9067.38;2.51;518.92;2505.02;3.59;11066.22;67.84;3.01;7.04;3946.02
6,21406.57;2520.55;56.12;4818.92;2.14;18607.02;6.33;2.82;10.42;3487.48
7,17559.19;4.58;6.33;7541.6;1.88;13869.55;19.05;5.86;6.05;7035.51
8,18987.33;2.39;373.63;547.89;1.92;9685.08;19.55;7.82;2154.19;7781.73
9,31058.98;3.34;1424.53;2272.67;2.89;13677.15;4.47;3.43;1294.42;2366.95
10,24652.15;2.58;416.25;19461.56;2.52;3448.49;2.88;5.99;3.0;30.97
11,15648.73;2.85;318.14;9169.0;2.69;5247.97;2.25;7.51;2.45;6.26
12,9399.73;2.38;317.3;5389.47;1.86;21076.55;42.52;4.46;3.93;6.21
13,13963.04;1.87;87.98;6761.47;2.24;17776.15;285.85;2291.55;5.43;4.59
14,13982.55;2.81;1799.4;29112.38;317.97;12380.07;431.0;15704.37;2.32;2.59
15,89.37;1.91;8.9;3189.14;2.91;290.15;4.68;299.65;2.0;1.77
16,8.96;1.85;6.72;249.39;2.54;17.17;2.53;12.43;1.93;1.9
17,3.19;1.83;4.86;27.99;2.04;3.74;2.17;5.4;2.34;2.22
18,2.48;1.76;2.73;5.77;2.1;2.17;2.13;3.82;2.2;2.98
19,1.86;2.09;6.47;2.82;1.87;2.13;2.03;2.48;3.92;3.22
20,1.76;2.19;5.04;1.92;2.22;1.85;1.91;3.25;4.3;2.78
21,1.99;2.87;4.24;2.05;2.44;1.82;2.88;3.55;2.36;2.9
22,2.12;2.78;4.76;1.98;4.24;2.29;2.47;3.05;2.41;4.76
23,2.44;2.61;2.47;2.35;4.76;2.44;2.47;2.9;2.53;4.3
24,2.47;2.9;2.53;3.92;4.43;2.47;2.44;3.29;2.47;4.74
25,4.76;2.7;2.47;2.9;2.41;4.76;2.35;4.76;2.09;4.23
26,2.36;3.59;2.54;3.06;2.32;2.9;3.92;2.47;2.19;4.62
27,2.41;4.3;2.28;2.71;2.43;2.87;4.3;2.44;1.86;2.47
28,2.3;2.36;1.92;2.69;1.79;2.87;2.7;1.84;1.86;2.15
29,2.21;2.23;1.88;2.75;1.81;2.67;2.41;1.8;1.82;2.09
30,2.26;2.14;2.08;2.97;1.76;2.12;2.34;1.76;1.87;2.44
31,3.06;2.12;2.04;2.84;1.75;1.86;2.47;2.08;1.97;2.22
32,3.25;2.3;1.98;2.06;2.02;1.86;2.6;3.02;2.79;1.83
33,3.01;1.8;1.98;2.11;1.92;2.12;2.72;2.61;2.47;1.92
34,4.03;1.85;2.34;2.87;1.87;1.99;2.6;2.71;2.88;1.88
35,2.67;1.89;2.47;2.52;1.82;1.83;2.96;2.55;2.78;2.47
36,2.6;1.88;2.55;2.68;2.32;1.92;2.02;2.53;2.9;2.47
37,2.35;1.79;2.71;3.04;2.78;1.86;1.76;2.69;2.56;2.39
38,2.46;2.36;2.31;2.73;2.56;2.0;1.74;2.01;2.68;2.44
39,2.5;2.9;1.91;2.86;2.41;2.23;1.93;1.89;2.9;2.12
40,1.96;2.72;1.97;2.66;2.5;3.89;1.92;1.91;2.68;2.19
41,1.98;2.5;1.95;3.02;2.59;3.31;1.72;1.98;2.02;2.1
42,1.95;2.57;1.99;2.21;2.63;3.59;1.71;1.94;2.03;1.71
43,1.97;2.44;1.86;2.63;2.71;2.25;1.76;1.96;2.07;1.74
44,1.94;2.55;1.92;2.8;2.31;1.83;1.7;2.0;1.87;2.09
45,2.09;2.4;1.88;2.16;2.38;1.8;1.7;2.32;1.84;2.9
46,2.1;2.65;1.89;2.1;1.89;1.8;1.91;2.41;2.15;2.74
47,2.01;2.81;2.41;3.25;1.87;1.83;1.67;2.33;2.25;3.04
48,1.98;2.98;2.53;3.14;1.88;1.89;1.79;2.05;2.18;2.22
49,2.1;4.2;2.62;3.01;1.94;1.85;1.84;2.14;2.09;2.09
50,2.2;3.89;2.27;2.95;2.12;1.9;1.96;2.2;2.1;2.07
51,3.1;4.64;1.83;3.29;2.67;2.0;2.04;2.07;3.07;2.71
52,2.78;3.92;2.27;2.51;2.13;1.97;1.79;2.03;3.06;2.03
53,4.24;2.84;3.29;2.37;2.22;2.01;1.69;1.94;2.57;2.07
54,3.92;3.0;3.03;2.32;2.72;2.25;1.69;1.99;1.97;2.08
55,4.92;4.62;2.7;1.84;2.55;1.88;1.98;2.54;1.85;2.14
56,4.66;3.96;2.75;2.36;2.67;2.55;2.1;2.7;1.99;2.14
57,5.4;3.67;2.66;4.3;2.86;2.66;2.2;2.9;1.96;2.06
58,2.91;3.66;2.38;4.76;2.03;2.5;2.12;2.78;2.0;1.87
59,3.04;2.26;2.44;4.24;2.17;2.81;2.03;2.79;1.94;1.94
60,4.74;2.03;2.53;5.04;2.7;2.98;2.08;2.94;1.88;2.41
61,5.48;2.07;1.91;5.37;2.76;2.64;2.74;2.81;1.85;4.43
62,5.13;2.07;1.92;3.89;2.12;2.42;2.72;2.13;1.79;3.05
63,3.89;2.67;1.88;2.52;2.25;2.8;3.01;2.17;2.04;2.79
64,2.81;2.5;1.83;2.7;1.86;3.24;2.95;2.98;2.56;2.88
65,1.96;2.44;2.09;1.93;1.95;2.56;2.27;3.07;2.62;2.57
66,1.9;2.63;2.01;2.29;1.84;2.12;2.17;3.7;2.35;2.44
67,1.9;2.09;2.69;2.24;2.18;3.09;2.83;4.99;2.65;2.55
68,1.93;1.79;5.59;2.53;2.35;2.95;2.18;2.74;1.98;2.66
69,1.97;1.81;4.11;2.42;2.42;2.76;1.81;2.29;1.93;2.5
70,2.88;1.85;3.61;2.45;2.34;2.16;1.67;2.22;1.8;1.9
71,2.6;1.87;5.67;2.27;2.45;2.1;1.84;2.1;1.89;1.86
72,2.56;1.92;2.66;2.19;2.56;3.0;1.86;2.62;1.83;2.25
73,2.07;2.02;2.59;2.32;1.98;2.6;1.91;1.84;1.87;2.88
74,1.96;2.03;2.96;2.12;2.0;2.64;1.82;1.89;2.2;2.44
75,2.47;2.06;3.24;2.19;2.22;2.8;1.75;1.69;2.17;2.84
76,2.56;2.07;4.62;2.16;2.7;2.78;2.14;1.68;2.08;3.2
77,2.13;2.53;2.63;2.25;3.14;2.17;2.65;1.65;1.99;2.38
78,1.81;1.93;1.87;2.04;2.91;1.82;2.83;1.67;2.09;3.04
79,1.77;1.94;1.72;2.02;2.77;1.64;2.47;1.76;2.11;3.27
80,2.34;2.75;1.78;1.98;2.65;1.64;2.55;1.98;2.86;2.81
81,2.26;2.53;1.74;1.98;2.43;1.84;2.32;1.88;2.01;1.87
82,2.22;1.85;1.69;2.05;2.43;1.77;2.3;1.85;2.07;1.81
83,2.34;1.81;1.81;2.14;2.83;1.94;1.83;1.87;3.07;1.97
84,1.92;1.81;1.99;2.08;2.55;1.81;1.91;2.45;2.86;2.01
85,2.21;2.64;2.33;2.12;2.55;1.79;1.98;4.3;2.47;1.71
86,2.06;2.34;2.44;1.99;2.32;1.87;1.99;6.32;2.6;1.98
87,2.0;2.2;2.17;2.03;2.37;1.86;2.05;5.67;2.94;1.84
88,1.93;1.71;1.84;2.04;3.36;1.84;2.5;8.0;2.18;2.06
89,2.25;1.73;2.13;2.02;4.3;1.88;2.53;7.9;2.11;2.85
90,2.65;1.69;2.0;1.92;6.48;2.22;4.99;7.3;1.76;2.94
91,2.59;1.73;2.04;1.87;2.83;4.46;7.98;3.06;1.81;2.63
92,2.3;1.72;1.99;1.77;3.0;9.04;4.23;2.16;1.88;2.34
93,3.7;1.98;1.93;1.79;2.73;7.9;4.05;1.83;1.9;2.07
94,2.13;2.39;2.12;1.8;2.64;6.64;6.54;1.85;1.92;2.05
95,3.05;2.34;3.64;2.19;2.45;3.37;5.32;1.86;1.93;2.33
96,3.29;2.07;2.07;2.26;2.09;3.36;4.85;1.86;1.91;2.25
97,3.54;2.26;2.23;3.93;2.04;2.25;3.97;1.85;1.95;1.88
98,3.61;2.15;1.84;3.39;1.96;2.65;3.7;1.89;1.91;1.84
99,2.37;2.0;2.01;3.52;1.73;2.14;2.84;1.8;1.87;1.93
100,2.44;2.06;1.79;1.98;1.74;2.12;2.64;1.84;1.78;2.48
101,2.38;1.84;1.79;1.71;2.05;2.22;2.01;1.82;2.09;1.89
102,1.89;1.98;1.87;1.68;3.21;1.98;1.79;1.86;2.55;1.93
103,1.88;2.75;2.07;1.95;2.5;1.97;1.79;2.03;2.86;1.85
104,1.86;2.09;2.39;2.58;2.34;1.84;2.0;2.07;3.01;1.86
105,1.87;1.82;2.22;2.33;1.81;1.93;2.37;2.34;2.03;2.21
106,1.91;2.26;2.34;2.22;1.92;1.88;2.53;2.23;2.14;2.3
107,2.22;2.32;2.64;2.42;1.87;2.19;1.9;2.83;1.8;3.09
108,2.33;2.44;2.47;1.92;1.95;2.25;1.91;2.65;1.78;3.16
109,3.08;2.71;2.14;1.95;1.9;2.2;1.89;2.25;1.98;3.37
110,2.75;2.49;2.21;1.73;1.86;1.98;2.36;3.36;1.83;2.93
111,2.64;2.26;2.32;1.72;1.91;1.98;3.3;2.04;1.88;2.81
112,2.3;2.37;2.5;1.73;2.23;2.06;2.65;2.27;1.85;2.61
113,1.91;3.9;2.03;1.78;2.23;2.19;2.81;2.74;1.8;2.76
114,1.91;4.47;2.03;1.82;1.99;2.1;1.96;3.02;1.86;2.52
115,2.03;3.15;2.4;2.17;1.96;2.16;1.88;2.75;1.9;2.43
116,2.58;3.73;2.09;1.84;2.08;1.81;1.82;2.54;2.06;2.37
117,2.33;2.36;2.05;1.79;1.76;1.79;2.01;2.91;2.37;2.32
118,2.06;1.79;2.35;1.61;2.09;1.77;1.99;2.27;2.3;2.46
119,1.71;1.82;3.06;1.7;2.04;2.1;2.01;1.82;2.12;2.73
120,1.98;1.79;5.41;1.71;2.69;2.04;1.79;1.87;2.14;2.55
121,1.79;2.08;2.76;1.69;3.14;1.84;1.95;2.18;2.22;2.56
122,2.11;2.18;2.59;1.99;2.27;1.84;2.43;2.25;1.73;2.96
123,2.27;1.87;1.84;2.09;3.25;1.9;1.97;2.57;1.63;2.79
124,2.17;2.38;1.7;1.87;3.02;2.31;1.89;2.32;1.79;2.46
125,2.31;2.27;1.84;1.89;2.86;2.5;1.85;1.8;2.04;2.6
126,1.87;2.15;1.8;1.94;2.71;2.41;1.88;1.76;1.96;2.02
127,2.15;3.27;1.84;2.0;2.84;2.74;2.55;1.77;1.99;2.01
128,1.8;2.72;1.87;1.91;2.44;1.95;2.43;1.74;1.94;2.04
129,1.86;2.6;2.04;1.94;2.01;2.01;1.85;1.72;2.32;2.02
130,2.0;2.15;2.17;1.86;1.98;2.07;2.32;1.7;2.21;2.49
131,2.67;2.18;1.79;1.85;1.93;3.17;3.52;1.61;1.98;2.34
132,2.53;2.29;1.76;1.93;2.25;2.69;2.44;1.76;2.03;2.23
133,2.34;3.26;2.13;1.99;2.34;2.1;2.32;1.77;2.01;1.89
134,1.79;3.04;2.08;2.04;1.87;2.38;2.87;1.78;1.81;2.32
135,1.88;3.13;2.02;1.99;1.81;2.58;1.95;2.02;1.8;2.22
136,1.92;3.1;1.72;2.01;1.82;2.27;1.75;1.83;1.97;2.32
137,1.67;2.2;2.0;2.08;2.39;1.91;1.91;2.21;1.9;2.87
138,1.68;2.27;2.06;2.03;2.44;2.44;2.34;2.54;1.91;4.47
139,1.67;3.55;1.84;2.08;2.9;2.38;2.39;2.68;1.98;7.21
140,1.69;3.24;1.86;2.07;2.01;2.37;2.06;2.74;1.98;9.83
141,1.82;3.0;2.26;1.98;2.47;2.41;2.16;2.62;2.2;7.66
142,1.82;3.34;3.55;1.88;2.01;2.53;2.07;3.86;2.12;9.43
143,1.8;2.62;3.24;1.92;2.06;2.43;1.9;3.61;2.27;5.19
144,1.83;2.6;3.26;2.17;1.78;2.02;1.96;3.51;1.91;6.5
145,2.06;2.27;2.79;2.44;1.85;1.83;2.08;2.37;1.95;2.74
146,1.99;2.04;3.01;2.05;1.79;2.23;1.84;2.53;2.0;1.87
147,2.02;1.74;2.68;1.84;1.76;2.23;1.62;2.52;2.07;1.79
148,2.0;1.74;2.74;2.06;1.75;2.19;1.63;2.54;2.02;1.66
149,2.09;1.83;2.99;1.98;1.82;2.15;1.67;2.66;2.71;1.65
150,2.02;1.85;3.0;2.29;2.03;2.16;1.65;2.19;2.59;1.78
151,1.98;1.7;2.28;2.15;1.98;2.09;1.84;1.79;5.01;1.82
152,1.8;1.73;2.24;2.05;1.99;1.7;1.78;1.78;4.03;1.81
153,2.18;1.96;2.1;1.98;1.98;1.65;2.25;1.75;4.23;2.07
154,2.09;2.19;2.9;1.98;1.93;1.66;2.04;1.92;2.76;3.26
155,2.41;1.91;2.21;1.89;1.8;1.77;1.89;1.85;2.42;1.98
156,2.74;1.88;2.17;1.91;1.84;2.09;2.04;1.7;2.6;2.07
157,2.75;1.9;2.04;3.06;1.64;2.22;2.04;1.83;2.77;2.13
158,2.66;1.86;2.47;4.34;1.66;2.87;2.08;1.86;2.7;2.09
159,4.78;1.85;2.05;3.07;1.64;3.06;1.96;2.32;2.62;2.45
160,3.75;1.84;1.83;3.75;1.63;3.86;1.74;4.12;2.63;2.57
161,2.83;1.69;2.17;3.6;1.79;2.13;2.17;2.77;2.05;2.92
162,4.57;1.9;2.05;6.12;1.8;3.31;1.77;2.49;1.81;3.28
163,5.01;1.89;2.63;4.57;2.25;3.56;2.12;2.34;1.62;4.01
164,5.56;1.89;2.7;5.56;1.74;3.93;2.15;2.9;1.71;2.32
165,6.36;1.85;2.72;5.78;1.77;2.23;1.93;2.38;1.62;2.52
166,3.07;1.87;2.68;2.79;2.03;2.09;2.01;2.45;1.66;2.0
167,3.06;1.7;2.66;2.01;1.99;2.4;1.75;2.35;1.66;2.01
168,2.06;2.06;3.19;1.91;2.06;2.33;1.75;2.4;1.92;2.36
169,2.07;2.02;4.31;2.02;2.03;2.21;1.85;2.23;1.88;3.54
170,2.04;1.92;3.77;1.76;1.85;2.67;1.84;2.49;2.21;3.61
171,1.95;1.62;3.46;2.02;1.79;1.96;2.45;1.94;2.27;4.93
172,1.94;1.75;2.52;2.03;1.74;1.82;2.04;2.0;3.6;2.93
173,1.97;1.82;2.17;2.04;1.72;1.64;1.98;1.92;3.73;2.07
174,1.9;1.84;2.13;2.75;1.74;1.78;2.31;2.49;3.15;1.83
175,1.9;1.82;2.0;2.11;1.91;1.8;2.73;5.15;3.14;2.05
176,2.12;1.86;1.85;2.07;2.0;2.34;2.26;2.64;3.6;2.01
177,3.39;1.92;1.89;1.67;2.03;2.31;2.02;1.87;2.25;1.79
178,3.67;2.08;1.84;1.65;1.93;2.29;2.09;1.74;2.16;1.83
179,3.72;1.85;1.9;1.84;1.88;2.04;2.34;2.28;2.85;1.87
180,2.35;2.18;1.83;1.8;1.86;1.79;1.8;2.34;2.56;1.86
181,2.52;1.83;1.73;1.94;2.33;1.92;2.16;1.95;2.86;2.36
182,2.91;1.84;1.73;1.79;2.02;1.89;2.98;1.63;2.58;2.25
183,2.71;1.8;1.79;2.01;2.49;2.64;2.83;1.62;2.42;2.27
184,3.0;1.77;1.73;2.0;2.4;3.02;2.11;1.9;2.47;1.8
185,3.3;1.94;1.74;2.1;3.7;2.15;1.91;1.84;2.48;1.75
186,2.23;1.77;1.83;2.18;3.16;2.18;1.84;2.15;1.99;1.94
187,1.93;1.97;1.79;2.12;3.1;2.17;1.65;1.81;2.51;1.67
188,2.65;1.79;1.83;2.72;2.87;2.2;1.73;1.89;3.53;1.79
189,2.47;1.99;2.06;5.46;2.71;2.07;1.71;1.88;3.26;1.91
190,1.89;2.42;2.14;4.73;2.68;1.76;2.21;1.65;2.25;1.97
191,2.33;2.83;1.99;4.06;2.68;1.94;2.23;1.67;2.25;2.06
192,1.71;3.09;1.87;2.9;3.05;1.92;2.1;1.78;3.7;1.9
193,2.02;2.34;1.9;2.7;2.79;2.0;2.03;1.86;3.2;1.92
194,1.74;2.42;1.93;2.07;2.86;2.04;2.98;2.12;2.11;1.91
195,1.73;2.27;1.93;2.14;2.16;1.91;2.69;2.23;2.03;1.88
196,1.65;2.25;1.92;1.78;1.73;1.87;2.23;2.46;2.07;1.68
197,1.96;2.46;2.81;1.81;1.79;1.83;2.18;2.4;2.91;2.05
198,2.44;2.22;2.85;1.96;1.82;2.26;2.76;2.33;3.9;1.83
199,2.59;2.19;2.28;1.71;2.25;3.05;2.96;2.33;4.53;1.84
200,2.13;2.32;1.93;1.68;2.26;1.97;3.1;1.96;5.86;2.08
201,1.65;2.02;1.87;1.7;2.22;2.02;2.85;2.73;7.02;2.84
202,1.67;1.95;1.89;1.69;2.13;2.38;1.95;2.09;3.26;2.18
203,2.15;1.89;1.88;1.71;2.07;2.28;2.21;2.22;3.05;2.18
204,2.92;1.83;1.85;2.08;2.23;2.55;3.05;2.32;2.67;2.26
205,2.06;1.76;1.7;2.08;2.21;3.53;3.2;2.58;5.24;2.25
206,1.98;2.04;1.95;2.03;2.25;3.26;2.14;2.79;7.3;1.86
207,1.83;1.75;2.22;1.78;4.6;2.25;2.29;5.78;7.9;1.86
208,1.84;1.77;1.87;1.79;3.03;2.37;2.36;4.92;7.64;1.79
209,1.88;1.89;1.74;1.64;4.54;3.91;1.95;4.68;3.21;1.76
210,2.76;2.1;1.86;1.77;2.88;4.35;1.86;6.09;3.25;1.99
211,4.69;1.95;2.23;2.09;4.93;2.21;1.95;10.66;2.21;2.02
212,2.47;2.21;2.8;2.12;10.18;1.9;2.33;9.22;1.83;2.44
213,2.38;2.27;2.27;2.11;6.07;2.37;2.7;6.5;1.9;2.32
214,3.15;4.24;2.56;2.05;3.66;2.24;2.97;5.19;1.86;2.25
215,2.19;3.22;2.5;2.4;4.16;3.52;2.43;4.21;1.65;2.34
216,2.29;2.77;2.58;2.68;2.42;4.63;2.85;2.2;1.62;3.79
217,2.35;3.27;2.79;2.2;2.29;2.44;2.05;2.46;1.62;4.58
218,2.55;3.46;2.63;2.16;2.18;2.39;1.8;1.92;1.81;3.42
219,2.85;2.03;2.31;2.16;2.21;4.34;2.08;1.84;2.4;2.28
220,2.15;2.15;1.84;2.19;2.29;2.18;2.09;2.53;3.9;1.85
221,2.01;2.08;1.87;1.95;1.9;2.4;2.48;5.01;4.22;2.17
222,2.21;2.54;1.88;2.01;1.85;2.48;2.05;4.53;8.42;2.1
223,4.64;2.83;1.81;3.27;1.84;2.32;1.99;5.13;4.04;1.93
224,2.35;3.19;2.22;2.46;2.11;2.09;1.97;4.89;2.93;2.15
225,2.24;4.06;2.6;1.86;2.67;3.48;1.76;4.3;2.79;2.64
226,1.85;3.94;4.9;1.84;2.5;3.23;1.78;4.62;2.06;3.15
227,1.93;2.93;4.07;2.3;2.39;2.57;1.73;5.92;1.94;2.64
228,1.91;2.12;2.24;2.22;1.98;2.55;1.87;6.38;1.99;2.54
229,1.86;1.83;2.54;2.18;1.77;5.48;2.14;5.86;1.88;2.5
230,1.9;1.97;1.93;2.53;1.78;3.47;2.22;4.97;2.03;2.92
231,1.9;2.05;1.99;2.04;2.03;4.68;1.89;4.42;2.43;2.72
232,1.84;2.04;2.95;2.13;2.5;5.61;1.85;4.55;2.6;4.57
233,2.0;1.87;3.0;2.18;2.67;5.08;1.8;4.74;2.81;5.7
234,1.83;1.83;2.67;1.79;2.4;3.04;1.85;2.73;2.22;5.1
235,2.33;1.79;3.0;2.28;2.51;2.96;1.69;2.2;1.87;3.37
236,2.35;1.89;2.67;2.57;2.54;3.52;2.02;3.14;1.83;6.41
237,1.89;1.89;2.64;1.95;2.39;3.66;2.01;3.36;2.03;2.97
238,1.87;2.5;2.71;1.89;2.31;3.91;2.03;2.22;2.08;2.12
239,2.19;2.35;2.56;2.14;2.07;4.23;2.16;2.16;2.28;2.22
240,2.31;2.31;2.48;1.82;2.1;7.39;2.45;2.13;2.37;3.67
241,3.93;2.29;2.26;1.84;2.38;4.75;2.38;1.78;2.26;3.19
242,3.79;2.52;3.09;1.79;2.08;4.35;3.97;1.83;1.91;3.2
243,4.13;2.48;3.15;1.82;2.16;2.4;4.07;1.8;2.43;4.34
244,3.17;3.11;2.88;1.89;2.48;2.64;3.87;2.28;2.56;4.89
245,6.69;3.36;2.43;2.32;2.84;3.71;2.41;2.84;2.43;2.75
246,5.88;2.62;2.52;2.53;2.62;3.65;2.25;2.67;2.02;2.07
247,5.65;2.19;2.57;2.49;2.46;2.31;2.71;1.94;1.76;2.31
248,4.75;2.28;2.51;3.23;2.12;2.38;2.32;1.7;1.76;1.82
249,4.19;3.48;2.76;6.03;2.08;2.01;2.32;1.79;1.94;2.12
250,4.94;3.19;2.62;5.74;1.78;1.95;1.94;1.78;1.89;2.08
251,2.79;2.96;2.47;5.36;1.73;2.17;1.73;1.82;1.91;2.65
252,2.09;3.05;2.06;2.94;1.7;2.06;2.16;1.83;1.92;2.56
253,2.06;2.56;2.09;2.81;1.69;2.03;2.19;1.77;2.52;2.36
254,1.78;2.69;2.95;3.16;2.07;1.72;2.13;2.07;2.61;2.04
255,1.79;2.87;2.6;3.36;2.31;1.93;2.12;1.99;2.74;1.73
256,1.8;2.72;2.33;2.97;2.15;1.99;2.03;1.92;2.79;1.78
257,1.79;2.26;1.92;2.96;2.26;1.9;1.95;1.93;2.52;1.74
258,1.64;2.16;1.95;2.46;2.19;1.93;2.47;1.92;2.56;1.67
259,1.66;3.36;1.75;2.94;2.92;1.93;2.47;1.95;2.77;1.69
260,1.64;5.38;1.75;2.86;2.79;1.71;2.27;1.95;1.94;1.95
261,1.87;4.74;2.05;2.1;2.61;1.99;2.37;2.33;1.89;1.76
262,2.19;5.76;1.85;2.08;5.56;1.93;2.49;2.49;1.83;1.83
263,2.69;2.67;1.77;1.74;3.48;1.94;2.36;2.47;2.29;1.73
264,3.41;2.03;1.8;2.08;3.26;2.78;2.6;2.18;2.37;1.93
265,2.28;2.58;1.78;2.9;3.67;4.43;3.21;2.35;2.32;2.46
266,2.84;2.75;2.03;3.25;3.16;3.59;3.53;2.07;2.43;2.72
267,2.62;3.03;1.95;2.62;3.54;3.32;3.84;1.99;1.92;2.22
268,4.93;3.28;2.6;2.81;7.5;2.94;3.19;1.95;1.88;2.24
269,4.07;3.23;2.47;2.3;7.06;3.12;2.89;1.9;2.44;2.25
270,3.19;2.55;2.67;3.47;6.11;3.67;3.28;1.97;2.28;2.06
271,2.75;2.73;1.97;3.61;8.47;2.2;3.81;1.86;2.09;2.07
272,4.46;1.97;2.03;4.11;11.38;2.08;4.24;1.83;2.63;1.94
273,3.95;1.95;2.37;2.99;12.67;1.98;3.28;1.81;4.72;2.09
274,2.31;2.02;2.36;5.0;3.71;2.09;2.63;1.85;2.39;2.09
275,4.32;1.98;2.3;4.65;3.92;2.29;3.91;2.05;2.19;1.78
276,3.9;1.98;2.23;3.74;3.7;2.54;2.43;2.08;2.16;2.17
277,3.44;1.94;2.3;7.86;2.16;2.83;2.64;2.17;2.13;1.79
278,2.13;1.97;2.62;8.17;1.79;3.06;2.08;2.58;2.22;2.16
279,1.83;2.11;2.47;3.28;1.64;2.31;1.93;2.65;2.71;2.13
280,1.8;3.09;1.98;3.54;1.89;2.03;1.79;2.41;2.34;3.26
281,1.66;3.26;2.01;4.01;1.92;1.76;1.87;2.52;2.91;2.76
282,1.67;2.21;2.0;2.42;1.65;2.08;1.83;2.34;2.51;2.79
283,1.68;4.04;2.06;2.31;1.66;1.85;2.48;1.96;2.47;3.05
284,1.97;4.13;2.71;2.45;1.88;2.04;2.42;2.04;2.55;2.25
285,2.0;2.22;2.36;2.5;1.91;2.18;4.47;2.07;2.39;2.29
286,2.5;3.17;2.36;2.47;1.86;2.1;2.71;2.03;2.35;2.47
287,3.31;2.48;1.89;2.5;1.93;2.01;4.77;2.4;2.28;1.81
288,2.77;2.28;1.73;2.28;1.87;1.82;7.23;3.2;2.09;1.79
289,2.09;2.78;1.64;2.45;2.58;1.84;4.03;5.72;2.02;1.87
290,3.1;2.65;1.79;2.48;2.43;1.91;4.33;2.94;2.59;1.87
291,2.78;1.94;2.24;2.51;2.13;2.31;2.39;2.86;2.77;1.76
292,2.25;1.71;2.22;2.03;3.95;2.1;4.08;2.17;2.07;2.21
293,2.31;1.73;1.77;3.07;3.38;3.09;3.86;2.05;1.89;4.3
294,1.79;1.99;1.71;3.25;2.23;2.85;4.33;2.05;1.7;4.55
295,1.76;2.18;1.65;3.01;2.92;2.94;2.17;2.01;1.62;3.9
296,1.71;2.07;1.84;2.43;2.07;2.78;2.1;2.09;1.65;4.12
297,2.1;1.88;1.81;2.89;1.97;2.23;2.24;2.0;1.73;6.63
298,2.01;1.92;1.93;2.66;1.87;2.16;2.16;1.93;1.76;6.36
299,1.84;1.72;1.97;2.73;2.47;2.32;2.04;1.91;1.89;3.73
300,1.77;1.61;2.1;3.89;1.79;2.25;2.09;1.84;1.8;2.38
301,1.74;1.63;2.0;4.2;1.84;2.15;1.95;1.91;2.07;3.11
302,2.25;1.64;1.95;8.36;1.69;2.12;1.69;1.86;1.79;2.99
303,1.68;1.71;2.15;7.5;1.66;2.08;1.66;2.13;2.13;8.29
304,1.7;1.61;1.85;3.63;1.77;2.15;1.74;2.35;1.83;12.67
305,1.92;1.6;1.81;2.76;1.79;2.03;1.87;2.1;1.82;13.5
306,1.92;1.62;1.83;2.2;2.19;1.95;1.78;2.14;2.07;14.99
307,1.65;1.72;1.6;2.64;2.89;2.01;1.78;1.94;2.54;13.25
308,1.77;1.68;1.62;5.07;2.68;1.95;2.02;1.81;3.86;11.38
309,2.48;1.98;1.61;5.69;2.71;1.76;1.91;2.04;5.41;6.25
310,5.49;2.11;1.82;9.04;2.06;1.71;2.53;2.19;5.72;2.81
311,3.03;2.47;2.04;3.3;1.74;2.2;3.52;3.75;8.09;3.12
312,3.54;2.63;2.03;2.06;1.96;2.18;4.49;3.37;3.26;2.46
313,2.2;2.65;2.15;1.81;1.65;2.72;5.76;2.14;2.89;2.0
314,2.24;2.32;2.06;1.88;1.58;1.91;6.06;2.15;2.84;2.26
315,1.89;2.45;2.16;1.94;1.65;1.92;2.87;1.96;2.43;2.31
316,1.94;2.28;2.02;1.73;1.76;1.85;2.92;2.08;2.35;3.54
317,1.92;2.13;2.57;2.01;1.78;1.83;2.5;1.84;2.07;3.46
318,1.94;3.11;3.3;2.62;1.72;1.9;2.39;1.85;1.93;4.52
319,2.18;2.22;2.89;2.02;1.91;1.97;2.29;2.04;2.08;4.22
320,2.12;2.17;2.71;2.63;1.91;1.98;2.26;1.94;2.1;2.19
321,2.25;2.25;2.19;3.94;2.3;1.9;2.49;1.75;3.09;1.85
322,2.23;3.22;1.88;3.07;2.44;1.86;1.99;1.75;2.83;1.85
323,2.41;3.36;1.87;2.86;2.04;1.9;1.98;1.73;2.14;1.88
324,2.27;2.35;1.87;2.15;1.95;1.91;2.54;1.74;2.23;2.43
325,2.38;2.06;1.95;3.1;1.86;1.94;2.01;1.73;1.93;4.06
326,2.39;1.72;2.0;2.38;1.94;1.91;1.79;1.76;1.85;4.58
327,2.41;1.65;1.7;2.39;1.89;1.64;2.12;1.79;1.81;2.77
328,2.12;1.67;1.72;2.39;1.94;1.91;1.74;1.87;2.78;3.21
329,2.07;1.67;1.7;1.89;1.92;1.89;1.95;2.22;2.26;2.16
330,2.14;1.98;1.71;2.32;1.99;1.65;1.97;2.28;2.36;1.82
331,2.19;2.71;1.98;3.46;2.31;1.66;2.52;1.81;2.04;1.95
332,2.06;2.67;2.91;3.11;1.93;1.73;2.51;1.85;2.57;2.46
333,2.25;2.62;3.07;4.89;1.87;1.69;2.56;2.07;2.44;2.07
334,2.31;2.89;2.18;3.7;2.34;1.68;2.17;2.78;2.09;2.11
335,2.3;2.65;3.08;3.09;1.95;1.86;2.03;1.91;2.08;2.11
336,2.46;2.14;2.67;3.28;2.19;1.91;2.97;1.91;2.72;2.57
337,2.02;3.18;3.64;2.44;2.34;2.71;3.53;1.76;2.55;3.36
338,2.27;3.43;2.24;1.86;2.55;3.07;3.36;2.05;2.09;3.52
339,3.45;5.05;1.97;1.76;3.09;2.18;2.9;2.15;2.96;2.55
340,4.17;2.19;1.85;1.68;2.68;2.02;3.2;1.99;2.07;2.26
341,2.73;2.11;2.0;1.7;2.69;2.08;3.79;2.05;2.16;1.91
342,2.54;2.24;1.94;2.01;2.77;1.8;4.66;2.06;2.21;1.78
343,3.23;2.53;1.65;2.82;2.58;1.67;4.25;1.93;2.12;1.68
344,3.57;1.89;1.67;2.53;2.74;1.68;2.57;1.74;3.97;1.79
345,3.08;2.26;1.67;2.11;3.48;1.87;2.09;1.99;2.57;1.67
346,6.26;3.5;1.68;3.12;3.94;2.35;2.1;2.7;2.42;1.82
347,3.08;3.92;1.78;5.04;2.28;2.11;2.05;2.38;1.93;2.26
348,2.14;3.7;1.96;2.75;3.6;2.41;1.77;2.55;2.27;2.09
349,3.39;3.42;2.01;4.93;3.93;2.0;1.75;1.92;3.46;2.07
350,2.08;2.93;2.01;5.25;3.79;1.92;1.94;2.07;3.56;2.62
351,2.12;2.82;2.41;5.0;3.36;2.32;1.87;1.95;3.3;2.42
352,2.27;2.97;2.12;2.34;2.03;1.84;2.51;2.0;2.41;2.68
353,2.5;2.13;2.19;1.87;2.12;2.26;2.15;1.8;3.1;2.78
354,1.8;2.18;2.06;2.23;2.24;2.41;3.64;1.76;3.71;2.7
355,1.84;2.35;2.25;2.25;2.74;2.78;2.68;1.78;3.95;3.47
356,1.93;2.26;2.31;1.82;2.65;2.18;2.28;1.83;4.35;3.1
357,2.38;2.17;2.39;1.82;2.51;2.52;2.55;1.84;4.9;2.13
358,2.36;2.69;2.26;1.85;2.03;2.64;2.23;1.73;2.86;2.21
359,2.63;5.83;2.25;1.77;2.33;2.48;1.85;1.75;2.04;2.32
360,2.36;6.35;2.45;1.81;2.48;2.08;1.89;1.7;2.02;2.14
361,2.35;12.25;3.79;2.01;2.4;1.77;1.98;1.81;1.75;2.25
362,2.02;10.66;2.76;2.47;2.34;1.78;2.71;1.77;1.96;2.12
363,1.7;9.22;2.62;2.25;2.36;1.79;2.61;1.93;1.86;2.1
364,1.68;5.22;2.07;2.65;2.41;1.83;2.36;1.75;1.66;2.4
365,1.67;4.09;1.93;2.83;2.23;2.13;2.11;1.73;1.76;2.46
366,1.76;4.96;1.88;2.23;2.13;2.08;2.24;1.7;2.14;3.09
367,2.39;4.54;2.07;1.86;2.35;2.43;2.3;1.73;2.05;2.64
368,1.81;3.83;1.99;2.17;2.35;1.99;1.85;1.97;2.0;2.35
369,1.63;2.82;1.79;2.15;2.39;2.22;1.81;1.96;2.06;2.15
370,1.94;3.39;1.91;2.13;2.34;3.52;1.75;1.96;2.13;2.06
371,1.91;3.13;2.25;2.08;2.04;4.1;2.09;2.41;2.11;2.16
372,1.97;1.94;2.38;3.53;2.0;4.93;2.44;2.75;2.03;1.98
373,2.61;2.11;2.43;3.82;2.51;3.61;2.62;3.75;1.96;1.95
374,2.77;2.17;1.96;2.14;2.35;2.61;3.38;4.06;1.75;2.18
375,5.54;2.35;2.05;2.11;1.98;3.07;3.01;4.38;1.73;1.99
376,5.96;1.83;2.71;2.08;2.04;2.16;2.0;2.49;1.73;1.91
377,2.75;2.12;4.06;1.76;2.05;1.87;2.59;1.9;2.09;2.03
378,2.77;2.2;3.91;1.73;2.08;2.13;3.62;2.15;2.4;2.26
379,5.67;3.54;3.52;2.13;2.17;2.23;3.94;2.0;3.65;2.35
380,5.38;3.16;4.24;1.99;1.89;2.09;2.86;1.97;3.74;2.47
381,2.44;2.34;2.41;3.46;1.85;1.72;2.7;2.02;4.18;2.45
382,3.02;2.17;2.85;2.65;1.86;1.75;2.29;2.52;2.63;1.91
383,2.67;2.55;2.83;2.19;2.17;1.72;2.58;2.7;2.19;1.96
384,3.14;3.95;2.02;2.18;2.2;1.84;1.85;2.16;3.41;1.85
385,2.04;3.04;2.1;2.38;2.15;2.48;1.95;1.83;3.71;1.79
386,1.98;2.32;2.56;2.84;2.14;2.77;1.98;1.7;4.45;1.78
387,1.77;2.27;2.35;3.15;1.92;2.48;2.01;1.81;3.92;2.12
388,2.13;3.22;1.97;2.9;1.74;2.39;1.92;1.77;3.7;2.43
389,2.16;3.41;1.85;2.12;1.73;2.56;2.15;1.99;2.63;2.28
390,2.02;3.25;1.85;1.95;1.74;2.26;2.08;2.58;2.26;2.14
391,2.4;6.24;2.05;2.03;2.03;2.03;2.21;2.64;2.13;1.98
392,2.54;4.65;2.04;2.11;2.16;3.15;2.27;2.61;3.09;2.06
393,2.69;3.74;2.03;2.14;1.73;3.06;2.71;2.78;4.83;2.18
394,3.95;4.57;2.43;2.04;1.68;2.27;2.62;2.15;6.69;2.31
395,4.91;2.54;2.32;1.95;1.64;2.92;2.22;1.9;3.39;1.88
396,5.63;3.47;2.44;2.01;1.85;2.15;2.74;1.69;2.46;2.1
397,5.0;3.0;1.83;2.18;2.37;2.95;2.38;1.69;2.61;2.13
398,4.99;3.29;1.87;2.13;2.92;5.07;1.86;1.88;4.41;2.14
399,3.89;3.81;2.15;2.34;2.54;2.86;2.57;1.95;2.36;3.5
400,2.73;4.07;2.77;2.3;2.31;3.0;3.69;1.97;2.41;3.95
401,2.88;3.38;5.67;2.3;1.93;2.95;2.45;1.98;2.24;2.23
402,2.11;3.34;4.95;2.21;1.9;3.9;2.39;1.96;2.47;2.17
403,1.76;4.98;5.01;1.91;1.9;4.82;2.01;2.96;1.94;1.96
404,1.77;2.64;6.74;1.94;1.66;2.97;1.67;2.28;2.12;2.35
405,1.81;2.35;4.98;1.81;1.67;3.31;1.83;3.69;1.94;1.97
406,1.64;2.25;4.69;1.67;1.68;4.35;1.87;2.43;2.94;1.83
407,1.64;2.05;3.31;1.59;1.94;4.16;1.85;2.25;2.09;1.85
408,1.74;1.95;3.19;1.71;1.94;5.12;1.72;1.89;2.57;2.33
409,2.09;2.01;2.72;1.62;1.79;3.58;1.73;1.86;2.34;2.44
410,2.05;2.25;2.02;1.63;1.84;2.87;1.86;2.3;2.07;2.29
411,1.96;2.3;1.77;1.93;2.36;2.17;1.91;2.95;3.03;3.12
412,1.92;2.35;1.64;1.93;3.99;2.26;1.72;5.24;2.62;2.84
413,1.88;2.93;1.66;1.96;3.08;3.14;1.89;5.96;2.85;1.89
414,1.92;2.23;1.66;2.58;2.16;2.26;1.99;4.13;2.73;1.86
415,2.52;2.04;1.95;2.59;2.48;2.16;2.05;6.48;3.05;1.9
416,2.45;1.99;1.91;1.84;2.15;1.93;1.93;3.38;3.26;1.66
417,2.06;2.57;1.83;2.45;1.96;2.23;1.83;2.52;3.82;1.78
418,2.19;2.64;1.7;4.17;2.09;2.08;1.85;2.83;2.39;1.83
419,1.77;2.3;1.84;3.81;2.55;2.11;1.83;2.71;2.29;2.69
420,2.05;3.79;1.82;3.27;2.26;1.84;2.12;2.27;2.84;2.75
421,2.07;3.74;2.39;2.98;2.41;2.02;2.25;3.78;2.65;2.57
422,2.19;3.6;2.25;2.58;1.97;1.82;2.18;2.47;2.9;1.82
423,2.09;2.24;1.89;2.8;2.51;1.67;2.34;2.36;5.19;2.25
424,1.98;2.53;2.36;2.06;2.47;1.76;2.24;2.25;3.38;1.97
425,1.93;2.49;2.33;2.21;2.44;2.2;2.14;3.29;3.63;1.84
426,1.77;2.53;2.36;2.41;2.38;2.31;2.07;8.42;7.5;1.96
427,1.63;2.48;2.02;2.54;2.33;4.84;1.92;3.74;3.1;1.69
428,1.69;2.75;2.07;1.89;1.88;3.15;1.8;2.33;5.4;1.66
429,1.89;2.63;2.24;2.07;2.3;2.58;1.98;1.9;4.71;2.11
430,1.83;2.44;2.32;3.15;2.62;2.5;2.03;1.86;5.19;2.19
431,1.97;2.46;2.38;2.33;2.01;2.36;2.1;1.94;2.83;2.08
432,2.05;2.55;1.74;2.58;2.0;2.18;2.13;1.93;2.54;1.97
433,2.04;2.42;1.72;3.14;1.7;2.55;2.01;1.87;2.41;1.86
434,1.97;2.24;1.88;2.75;2.03;1.91;2.11;1.96;2.77;2.19
435,2.19;2.13;1.89;1.82;1.92;1.68;2.17;2.17;3.35;2.04
436,2.01;2.47;1.81;1.79;2.02;1.85;2.27;2.07;2.5;3.79
437,1.88;2.59;1.88;1.75;2.12;1.9;2.59;2.12;2.44;3.68
438,1.92;2.59;1.93;1.73;2.3;1.78;2.56;1.86;2.09;3.93
439,1.93;2.78;1.71;1.72;2.17;1.65;2.49;1.91;1.87;3.6
440,2.05;2.94;1.62;1.75;2.21;1.73;2.35;1.98;2.56;2.27
441,2.24;1.99;1.64;1.8;2.04;1.93;2.71;1.91;2.54;2.04
442,2.78;1.78;1.67;1.77;2.92;2.08;3.0;1.71;2.63;2.55
443,2.66;1.68;1.68;1.83;2.65;2.06;3.09;1.79;3.15;2.58
444,2.85;1.76;1.97;1.91;2.82;1.78;2.85;1.79;4.37;2.6
445,3.02;1.85;1.95;1.86;3.15;1.88;1.96;1.81;3.97;2.78
446,2.76;1.86;3.35;1.9;1.96;2.14;1.88;1.73;2.94;2.19
447,2.85;2.13;4.08;1.94;1.92;1.81;2.35;1.72;3.55;2.31
448,2.52;2.52;2.17;1.92;1.9;1.8;1.8;1.95;2.52;2.64
449,2.71;3.26;2.42;1.87;1.88;1.72;1.75;1.93;2.54;2.61
450,2.29;3.38;2.2;2.22;1.84;1.79;2.05;1.75;2.5;2.84
451,2.38;2.69;3.6;2.25;1.85;1.96;2.58;1.76;2.17;1.99
452,2.38;2.11;2.44;1.72;1.91;1.97;3.14;1.89;3.21;1.74
453,2.3;2.15;2.55;2.14;2.0;2.03;2.18;1.95;6.25;1.61
454,2.18;1.87;3.94;3.39;2.73;2.22;2.14;1.97;5.07;1.81
455,2.21;2.35;4.47;2.25;2.9;2.11;2.28;2.43;2.75;2.09
456,2.27;2.25;4.15;2.24;2.08;1.86;2.41;2.62;2.47;2.21
457,2.32;2.5;14.33;3.26;1.89;1.82;2.04;2.09;2.58;1.81
458,1.84;1.89;12.01;3.07;1.83;2.01;1.85;1.98;2.77;2.09
459,1.88;1.71;7.86;2.6;1.8;2.32;2.26;1.93;2.98;2.02
460,2.32;1.83;3.01;2.51;2.12;2.2;3.25;1.86;1.94;1.77
461,1.91;1.81;2.42;1.97;1.92;1.92;2.37;1.85;1.95;1.76
462,1.88;1.87;3.35;1.99;1.84;1.95;1.76;2.14;2.28;1.71
463,1.73;1.91;2.95;2.9;1.9;2.01;1.61;2.26;2.19;2.03
464,1.92;1.63;2.39;2.82;1.93;2.04;1.72;2.72;2.13;2.12
465,1.98;1.63;2.24;2.74;2.17;2.16;1.95;3.87;2.5;2.1
466,1.99;1.62;3.74;2.63;3.58;2.17;1.94;3.29;2.49;2.05
467,2.43;1.61;5.73;2.53;3.23;2.04;1.92;5.19;2.69;2.18
468,2.72;1.62;2.68;3.86;4.25;1.9;1.71;9.83;2.68;1.7
469,2.15;1.84;4.22;4.08;3.7;1.74;2.0;10.63;2.45;2.11
470,2.02;2.61;3.49;2.43;3.23;1.73;1.77;8.49;2.3;2.0
471,1.78;3.66;2.04;2.44;4.99;1.74;2.16;9.86;2.61;2.0
472,2.12;3.27;1.75;2.45;6.4;1.92;2.2;14.99;2.76;2.01
473,2.18;3.12;1.69;2.33;5.33;2.07;1.87;4.05;2.13;1.66
474,2.07;5.04;1.69;2.35;4.74;2.06;1.89;2.32;2.23;1.64
475,1.95;7.9;2.12;1.97;2.52;2.1;2.42;2.43;2.33;1.67
476,2.37;9.37;2.25;1.94;3.28;2.38;1.8;3.01;2.45;1.93
477,2.17;7.64;2.62;1.93;2.43;2.17;2.27;1.92;2.57;2.6
478,2.32;3.21;1.91;1.9;1.87;2.24;1.82;2.24;2.43;2.18
479,2.33;3.79;1.94;2.23;1.98;2.17;1.82;2.46;2.83;2.59
480,2.26;3.06;2.67;2.32;1.98;2.74;1.67;2.4;2.35;2.8
481,2.08;2.92;2.84;2.48;2.89;2.88;1.68;1.94;2.24;2.88
482,2.0;2.13;2.94;2.64;3.13;3.7;1.87;1.97;2.28;4.77
483,2.06;1.95;2.37;2.0;3.21;3.14;1.93;1.8;1.92;5.35
484,2.05;1.9;2.37;1.89;2.56;2.96;2.42;1.79;2.15;5.22
485,2.01;2.17;2.38;1.89;2.76;2.09;1.91;1.96;2.06;12.34
486,1.9;2.1;2.93;2.34;2.64;1.74;1.83;1.84;2.04;2.56
487,2.32;2.21;1.96;2.36;2.47;1.72;2.29;1.83;1.86;4.08
488,2.47;2.47;2.02;2.06;2.86;1.7;2.18;2.33;2.33;2.39
489,2.64;2.2;1.83;2.69;2.91;1.94;2.3;2.41;2.22;1.99
490,3.03;1.97;1.96;2.5;3.22;1.85;1.9;2.67;2.5;2.22
491,2.94;1.83;1.97;1.95;3.76;1.8;2.43;2.65;1.94;2.25
492,2.76;1.7;1.72;2.0;3.91;1.77;2.17;2.56;1.79;2.35
493,2.55;1.81;1.8;1.84;3.79;2.05;2.38;2.67;1.8;2.06
494,1.98;1.78;1.84;1.73;3.35;2.14;2.27;2.54;1.82;2.02
495,1.81;1.88;2.31;1.95;3.5;1.82;2.03;2.0;1.86;1.76
496,1.78;1.8;2.64;1.85;3.29;1.8;2.05;1.88;1.88;1.79
497,1.81;2.04;2.39;1.97;5.19;1.89;1.99;2.75;1.93;2.13
498,1.63;2.09;2.02;1.9;5.22;2.74;2.34;2.93;1.88;2.07
499,1.65;2.43;1.69;1.74;2.64;2.62;2.49;2.43;1.87;1.8
500,1.89;2.33;1.7;2.25;2.84;2.46;2.31;3.47;1.91;2.06
501,1.86;1.95;1.73;2.23;2.78;2.15;2.3;1.99;1.8;2.12
502,1.82;1.97;1.86;2.3;2.86;3.25;2.3;2.86;1.79;2.09
503,2.24;2.05;2.09;2.3;2.64;3.27;2.25;3.93;1.82;2.01
504,2.06;1.94;2.51;2.47;2.14;2.46;2.52;3.39;2.03;2.14
505,1.89;2.09;2.51;2.36;2.07;2.31;3.01;3.77;2.11;2.64
506,1.86;2.11;2.39;2.38;1.88;2.08;2.39;2.5;2.22;2.82
507,2.33;1.77;2.53;2.22;2.12;1.75;2.2;2.49;2.15;2.25
508,1.98;1.72;2.38;2.1;1.98;1.66;1.92;2.53;2.07;2.15
509,1.8;1.78;2.18;2.13;1.92;1.6;1.77;2.24;2.15;2.55
510,1.87;1.8;2.25;2.22;1.95;1.63;1.65;2.41;2.18;3.23
511,2.23;1.76;2.14;2.39;1.74;1.62;1.57;2.23;3.09;3.56
512,2.3;2.16;1.79;2.04;1.77;1.8;1.64;2.58;2.58;4.38
513,2.25;2.2;1.72;2.09;1.81;1.84;1.66;3.6;2.38;3.58
514,2.3;2.26;1.73;1.99;2.05;1.96;1.93;3.12;2.03;3.34
515,2.44;2.32;1.91;1.93;2.32;2.02;1.83;3.3;2.11;2.77
516,3.05;2.25;1.91;1.89;2.16;1.95;1.79;2.01;1.74;2.64
517,2.42;2.18;1.93;1.91;2.39;2.35;1.77;1.92;1.9;2.05
518,2.21;2.18;1.98;1.86;1.78;2.55;1.78;2.5;2.39;2.25
519,1.92;1.97;1.96;1.83;1.75;2.4;1.79;2.33;3.36;3.49
520,1.8;1.88;2.01;1.68;2.44;2.28;1.94;2.31;2.07;3.18
521,1.98;1.99;2.0;1.67;2.71;3.4;1.93;2.36;1.79;2.92
522,2.11;2.03;1.96;1.63;2.25;3.6;1.91;2.13;1.85;3.13
523,2.33;2.7;3.03;1.63;1.94;2.42;1.96;2.23;2.14;2.15
524,1.89;2.3;1.96;1.71;1.66;2.29;1.85;2.41;1.75;2.21
525,2.03;2.22;2.52;1.6;1.73;3.48;1.89;2.15;1.73;2.11
526,1.97;2.45;2.32;1.61;1.73;3.13;2.35;1.92;1.7;1.83
527,2.03;2.3;2.4;1.66;1.93;3.86;2.83;2.01;1.84;2.16
528,2.17;2.29;2.71;1.67;2.0;4.61;2.54;2.26;1.88;2.11
529,2.33;2.29;2.3;1.88;1.76;3.61;1.94;2.25;1.89;1.82
530,1.71;2.0;2.19;1.98;1.78;2.31;2.01;2.05;2.2;1.64
531,1.69;2.5;2.44;2.25;1.78;2.48;1.92;2.04;2.65;1.66
532,2.24;2.8;2.39;2.09;1.68;2.43;1.79;1.96;2.25;1.63
533,2.69;3.05;4.31;3.02;1.82;2.51;1.92;2.03;2.13;1.74
534,1.88;2.45;8.47;2.02;2.01;2.3;2.0;2.11;2.12;1.67
535,2.57;2.57;7.77;2.14;3.41;1.96;1.99;2.82;1.95;1.71
536,2.76;2.45;9.83;3.13;2.26;1.84;1.92;2.63;1.98;2.0
537,2.43;1.88;5.57;2.74;1.94;1.8;1.88;2.9;2.03;2.17
538,2.52;1.92;3.18;2.53;1.9;2.01;1.86;2.89;1.96;2.05
539,1.89;1.97;3.6;2.48;1.95;2.01;1.89;3.13;1.78;2.41
540,2.06;1.99;3.88;2.02;1.81;1.97;1.91;2.73;1.81;2.16
541,2.36;1.92;3.42;2.02;1.8;1.72;1.86;3.12;2.16;1.81
542,2.64;1.75;2.34;2.69;1.68;1.73;1.89;3.99;2.29;1.84
543,2.48;1.75;2.54;2.62;1.84;1.83;1.93;3.54;3.39;1.84
544,3.91;1.86;2.33;2.79;1.84;1.93;1.88;3.76;4.07;1.74
545,3.34;1.67;2.52;3.29;1.71;1.87;1.92;3.91;2.87;1.87
546,2.32;1.89;2.69;3.65;1.69;1.74;1.86;4.43;2.79;1.9
547,2.41;2.36;6.63;2.56;1.62;1.77;1.84;4.41;2.88;2.35
548,2.54;2.75;3.57;2.16;1.84;1.87;1.88;4.14;2.7;2.21
549,2.38;5.41;2.89;3.53;2.4;2.27;1.9;4.19;2.84;2.65
550,2.23;4.47;2.7;4.08;1.87;2.21;1.8;4.67;2.14;2.08
551,2.05;6.44;3.51;3.71;1.91;2.25;1.78;4.01;2.0;2.05
552,2.12;2.91;3.61;3.92;1.72;2.25;2.09;3.2;1.88;2.77
553,2.53;3.19;4.0;3.6;1.69;2.46;1.89;3.07;1.84;4.1
554,2.72;2.75;6.77;4.18;1.71;2.4;2.08;3.81;2.22;4.37
555,2.51;2.35;3.19;2.74;1.83;2.45;1.96;2.96;1.89;3.26
556,1.91;2.45;2.82;2.53;2.16;2.38;2.74;2.62;1.86;3.66
557,1.84;2.01;2.19;2.43;1.9;1.85;2.2;2.31;1.95;6.07
558,2.67;1.97;2.07;2.47;1.97;1.91;2.36;3.33;2.13;3.27
559,2.15;2.3;2.02;2.52;1.95;2.17;2.12;2.14;2.24;2.11
560,1.72;2.35;2.06;2.42;1.72;3.16;2.36;2.19;2.14;1.93
561,1.81;1.91;2.08;2.15;1.58;1.91;2.56;2.27;3.32;2.3
562,1.8;1.99;2.28;2.76;1.58;1.96;1.93;1.89;4.26;2.3
563,1.89;2.01;2.3;2.77;1.66;1.78;1.77;1.96;3.19;2.94
564,1.98;1.95;4.88;2.91;1.89;1.62;1.88;1.69;2.31;3.26
565,1.94;2.34;3.48;2.62;1.91;1.79;1.96;1.67;2.12;3.04
566,1.86;1.85;2.23;2.36;1.92;1.76;2.34;1.67;2.14;3.06
567,1.91;1.79;1.84;2.32;1.69;2.05;2.37;1.67;2.43;2.67
568,1.87;1.78;1.74;1.87;1.7;1.76;3.61;2.06;2.44;2.2
569,2.06;1.77;1.98;2.26;1.75;1.76;3.44;2.07;3.57;2.36
570,2.12;1.76;2.03;2.14;1.76;1.76;2.05;2.42;4.31;2.38
571,2.4;1.91;1.9;2.09;1.71;1.92;2.44;2.02;2.99;2.07
572,2.83;1.73;1.68;2.21;1.84;1.94;2.02;2.61;3.08;2.1
573,3.09;1.92;1.7;2.14;1.87;1.95;2.73;1.91;2.12;1.81
574,3.26;2.29;1.66;2.45;2.61;1.87;3.54;2.06;2.49;1.72
575,8.09;2.52;1.65;2.47;2.55;1.91;3.56;2.13;2.36;1.93
576,7.33;2.6;1.8;2.62;2.61;2.09;3.4;1.87;3.04;2.45
577,4.29;2.56;1.83;3.09;3.91;1.76;3.14;1.69;2.74;2.86
578,3.5;3.2;2.24;2.89;2.62;1.95;2.42;1.66;2.74;1.93
579,2.69;3.5;1.84;2.36;1.86;1.93;2.48;1.76;2.74;1.78
580,2.72;2.39;1.84;2.24;1.93;2.64;2.18;2.11;2.78;1.85
581,2.92;2.46;1.69;1.69;2.5;3.07;1.99;1.95;2.37;2.1
582,2.71;2.66;1.7;1.91;2.67;2.95;2.48;1.84;2.38;2.23
583,2.12;3.15;1.92;2.13;2.58;3.08;2.34;1.83;2.1;2.49
584,2.46;3.6;1.82;2.65;4.4;2.87;2.52;1.9;1.86;4.03
585,2.36;2.42;1.81;2.1;4.22;4.18;2.16;1.95;1.85;2.73
586,2.4;2.79;1.71;2.01;4.06;2.63;1.83;1.91;1.99;4.96
587,1.94;2.0;1.62;1.88;2.28;3.66;1.8;1.92;1.77;3.07
588,2.42;2.52;1.62;1.98;2.17;3.56;1.95;2.0;1.77;4.03
589,2.0;2.2;1.65;2.03;2.21;3.47;1.91;2.33;1.78;2.5
590,2.08;1.84;1.76;2.13;1.93;3.46;1.9;2.03;1.9;3.78
591,2.05;2.2;1.75;2.98;2.02;2.62;1.68;1.97;1.74;3.43
592,2.19;1.88;1.74;3.15;1.92;3.32;1.94;2.02;2.02;3.3
593,1.87;2.48;1.84;2.94;1.94;2.7;1.74;1.84;2.01;2.28
594,2.12;4.29;1.81;3.09;2.28;2.11;1.58;2.17;2.92;3.54
595,2.92;5.21;2.2;2.55;2.34;2.04;1.65;2.15;2.14;3.45
596,2.78;5.88;2.26;2.4;2.52;1.79;2.06;2.19;2.16;2.38
597,2.37;3.45;1.81;3.64;2.01;1.96;2.18;2.11;2.79;2.19
598,1.95;3.15;1.89;2.12;1.67;2.11;2.29;3.53;3.75;1.8
599,1.99;5.56;1.98;2.2;1.92;1.69;1.83;3.36;3.64;1.85
600,2.15;4.42;2.67;1.85;1.8;1.68;2.1;2.29;2.83;2.25
601,2.51;4.86;1.9;2.21;1.83;1.93;2.21;2.45;3.64;2.38
602,2.32;2.39;1.68;2.27;2.06;2.45;2.1;2.08;6.13;2.41
603,2.08;1.89;1.79;2.35;2.0;1.88;2.94;2.16;2.94;2.27
604,2.13;2.2;1.93;2.21;2.06;2.47;2.09;2.03;2.94;2.37
605,2.07;2.14;1.9;2.16;2.07;2.35;2.14;2.21;2.78;2.66
606,2.38;2.05;1.88;2.25;2.14;2.21;1.74;1.9;3.08;2.51
607,2.19;2.23;1.75;1.95;2.25;1.93;1.62;2.33;2.13;2.6
608,2.14;1.79;2.16;2.02;2.22;2.66;1.63;3.0;2.06;2.06
609,1.96;1.83;2.85;2.66;2.21;2.14;1.71;2.39;2.27;2.37
610,1.72;2.07;2.94;1.96;1.92;2.4;1.9;2.62;2.01;2.19
611,1.73;2.16;3.61;1.78;1.79;2.1;2.06;3.86;2.13;2.17
612,1.7;1.99;2.45;1.97;1.59;2.9;1.99;6.5;2.21;2.05
613,1.72;2.07;2.21;1.91;1.6;2.77;1.97;2.99;2.19;2.02
614,1.89;2.05;2.21;1.87;1.6;2.07;1.93;3.58;1.97;2.21
615,1.88;1.83;2.15;1.87;1.62;2.18;1.82;4.24;2.47;2.97
616,1.85;1.65;2.23;2.13;1.72;2.46;1.76;4.08;2.27;6.83
617,1.88;1.73;1.84;2.94;1.9;2.6;1.72;6.48;2.61;6.33
618,1.93;1.89;1.84;2.71;2.12;2.66;1.97;3.87;2.9;10.01
619,1.85;1.85;1.85;4.14;2.05;2.29;1.97;3.0;2.33;7.13
620,2.42;1.91;2.3;3.37;1.85;2.38;1.97;2.25;3.19;2.97
621,2.32;2.24;2.2;1.99;2.06;2.38;2.2;2.22;3.91;1.98
622,1.92;2.03;3.76;2.36;2.02;2.38;2.21;2.2;2.55;1.95
623,1.95;2.09;2.57;2.24;2.49;1.84;3.81;2.17;2.34;2.45
624,2.37;1.82;3.1;2.33;2.88;1.98;3.87;1.84;2.39;2.11
625,2.56;1.93;2.33;1.94;3.19;2.98;2.16;1.92;2.25;1.98
626,2.41;1.79;2.8;1.83;3.54;2.91;1.71;1.93;2.38;2.08
627,2.78;2.08;2.16;1.9;2.36;2.77;2.13;1.87;2.41;1.95
628,2.71;2.17;1.71;2.49;2.13;2.75;2.25;2.27;2.59;1.98
629,2.32;2.13;1.64;1.94;2.77;2.25;2.24;2.06;2.45;2.14
630,2.16;2.54;1.99;2.08;4.44;2.47;2.49;1.68;2.27;2.03
631,2.97;2.62;1.98;2.15;3.07;2.79;2.23;1.8;2.23;2.16
632,2.52;2.47;1.71;2.64;1.94;3.79;2.1;1.93;2.19;1.91
633,3.04;2.16;1.78;2.59;2.26;3.4;2.55;2.43;2.17;2.14
634,4.34;2.06;1.85;3.78;2.44;3.7;2.34;2.07;2.21;2.12
635,6.03;1.98;1.74;2.78;2.02;3.47;3.86;2.12;2.4;2.39
636,5.8;2.08;1.85;2.84;2.08;2.91;5.11;2.51;1.95;2.55
637,4.59;2.44;2.13;2.75;2.5;4.64;6.27;2.46;1.78;2.65
638,2.49;1.91;2.68;2.04;2.0;6.24;5.71;2.52;1.85;2.11
639,2.64;1.64;2.47;2.12;2.79;6.72;2.74;1.86;1.81;1.85
640,2.84;1.62;2.04;2.02;4.05;3.71;2.39;2.2;1.72;1.93
641,2.94;1.69;2.55;2.46;3.25;3.03;2.42;1.87;1.7;1.88
642,2.7;1.73;2.61;2.3;2.36;2.34;2.68;1.96;1.74;1.87
643,2.67;2.05;2.86;2.33;2.92;1.95;4.39;2.88;1.6;1.96
644,2.38;2.91;2.82;2.3;4.2;2.13;10.28;2.43;1.62;1.98
645,2.3;1.9;5.37;1.93;4.63;2.08;7.44;2.33;1.73;1.99
646,3.52;1.88;4.47;2.32;6.14;1.96;4.19;2.56;1.69;1.95
647,2.58;2.56;2.78;2.0;7.15;2.29;4.54;1.84;1.73;1.95
648,3.86;2.68;2.59;1.96;6.34;1.81;2.3;2.1;1.69;1.92
649,2.56;2.69;3.05;2.43;5.67;1.9;2.23;1.76;1.66;1.85
650,2.55;2.87;2.52;1.94;2.62;1.97;2.21;1.96;1.7;1.85
651,2.85;5.05;2.51;1.98;2.52;1.83;2.19;1.82;1.75;1.94
652,2.54;4.69;2.43;1.94;3.01;2.2;1.87;1.84;1.63;2.0
653,1.94;8.93;2.18;1.87;2.36;2.44;2.04;2.27;1.75;1.89
654,2.21;3.46;2.79;1.88;2.34;2.44;2.06;2.08;1.82;1.97
655,2.27;6.72;3.58;1.8;2.06;2.03;2.27;2.05;1.86;2.02
656,2.25;14.82;3.0;1.85;2.02;2.81;2.18;2.08;1.88;2.9
657,2.1;8.42;2.97;1.86;1.94;3.31;1.85;1.88;1.87;4.48
658,2.23;22.28;2.97;1.87;1.9;4.96;1.87;1.97;1.79;2.69
659,2.2;9.11;2.16;1.85;1.94;5.62;2.53;1.9;1.77;1.98
660,1.77;7.76;2.26;1.85;1.69;7.14;3.39;1.93;1.83;2.75
661,1.82;3.59;3.37;1.88;1.79;4.24;3.14;1.88;1.99;2.68
662,2.1;2.24;4.1;1.89;2.54;2.94;2.77;1.85;1.89;2.56
663,2.22;2.5;2.46;2.32;2.34;4.39;1.97;1.71;2.04;1.98
664,2.16;2.18;1.81;2.18;2.6;4.07;2.0;1.76;1.86;1.89
665,2.19;2.19;1.95;1.87;2.24;3.6;2.01;1.84;2.0;2.01
666,4.17;2.12;1.83;1.76;2.23;4.41;1.87;2.01;2.38;2.1
667,6.1;2.21;2.32;1.85;2.19;4.12;1.85;3.44;2.43;1.9
668,3.34;2.02;2.54;1.94;1.82;3.71;2.05;2.98;2.06;1.94
669,3.61;1.98;2.82;1.92;2.22;2.39;2.61;2.45;2.02;1.88
670,4.11;1.93;2.54;1.9;2.05;2.06;2.84;2.19;1.92;1.91
671,3.26;1.92;2.37;1.88;2.25;1.8;3.58;2.08;2.0;2.58
672,4.74;1.92;2.32;1.85;2.13;1.88;3.34;1.77;2.5;2.13
673,3.61;2.23;2.26;1.8;1.93;2.02;3.0;1.88;2.94;1.87
674,2.81;2.19;2.64;1.69;2.19;2.1;2.11;2.01;2.02;1.7
675,2.79;2.17;2.24;1.73;2.94;2.49;2.11;2.29;1.96;1.72
676,3.95;2.33;2.42;1.97;2.94;1.98;2.5;3.06;3.26;1.7
677,2.55;2.55;2.53;1.91;3.03;2.23;2.4;3.05;2.17;1.67
678,2.14;2.43;2.01;2.3;2.81;2.39;2.09;2.37;1.9;1.61
679,2.24;2.3;1.78;2.26;2.01;2.2;2.07;2.6;2.39;1.62
680,2.32;2.33;2.19;2.87;2.72;2.21;2.98;2.4;2.43;1.76
681,4.47;1.94;2.29;2.58;2.46;1.96;2.62;3.4;2.34;1.74
682,3.77;1.68;2.28;1.96;1.93;2.67;1.99;2.83;2.51;1.74
683,3.62;1.79;2.9;2.08;1.84;2.37;1.95;2.53;2.84;2.28
684,3.94;2.1;3.13;2.01;1.8;2.15;1.94;2.33;2.84;2.23
685,2.26;3.02;2.86;2.14;1.77;2.06;1.74;1.91;2.92;2.11
686,2.5;1.99;2.22;1.81;1.93;1.99;1.93;1.8;2.61;2.24
687,2.42;1.84;2.25;1.85;2.08;2.1;1.71;1.85;2.75;2.08
688,2.8;2.19;2.38;1.98;2.15;2.14;1.63;1.79;6.03;2.02
689,2.62;2.54;3.16;1.94;2.09;2.15;1.75;1.77;3.44;1.7
690,1.79;1.9;2.56;2.64;2.23;2.82;1.73;1.77;3.76;1.61
691,1.84;2.03;1.91;2.86;2.47;2.95;1.78;2.05;6.94;1.73
692,1.9;2.07;2.01;2.53;2.21;5.28;1.81;1.96;5.54;1.97
693,1.97;2.17;2.06;4.67;2.08;4.42;2.38;3.21;4.98;1.77
694,2.0;2.0;2.18;4.24;1.93;2.31;2.6;4.44;3.13;1.75
695,2.12;1.94;2.25;3.32;2.75;2.32;3.37;4.84;2.41;1.72
696,1.8;1.67;2.65;2.18;3.25;2.63;2.17;4.17;2.07;1.8
697,1.85;1.71;2.46;2.24;3.22;2.48;1.99;3.27;2.05;1.77
698,2.06;2.38;2.26;2.3;1.96;2.61;1.88;2.35;2.02;1.92
699,1.9;1.87;4.22;2.32;2.8;2.87;1.95;3.06;2.35;1.91
700,1.8;1.89;2.82;2.12;2.96;3.12;2.51;2.27;2.12;1.72
701,1.76;1.71;3.0;2.53;3.89;3.23;4.14;2.24;2.11;1.85
702,1.87;1.71;4.18;2.53;3.77;1.98;3.54;2.3;2.35;1.9
703,1.83;1.83;4.83;2.55;3.65;1.93;4.23;2.52;3.06;2.09
704,2.28;1.76;5.82;2.34;3.18;2.0;2.48;3.17;2.12;2.96
705,2.17;1.78;4.92;2.18;2.19;2.55;2.85;2.09;3.61;6.94
706,2.24;1.73;4.34;1.95;2.26;2.67;2.56;2.32;2.21;3.06
707,2.48;1.88;3.06;1.89;1.99;4.24;2.21;2.31;1.82;2.68
708,2.27;1.8;2.87;1.84;2.04;3.87;2.85;2.09;1.83;5.7
709,3.06;2.09;4.47;2.29;1.73;4.27;2.26;1.8;1.85;5.66
710,4.81;1.98;6.05;2.09;2.17;3.28;2.23;1.87;1.7;2.55
711,4.22;2.66;2.61;1.79;2.7;4.11;3.03;2.51;1.83;2.47
712,2.26;2.6;2.87;1.74;4.81;8.91;3.05;2.53;2.17;4.85
713,2.46;2.52;2.99;1.81;4.61;7.82;3.38;4.77;2.35;2.34
714,2.03;2.46;3.74;1.83;5.35;5.41;3.62;2.36;2.59;2.41
715,2.15;2.14;4.75;1.84;4.08;9.13;5.69;2.51;2.09;1.97
716,2.06;2.91;4.27;1.61;3.62;5.46;7.27;3.93;1.75;1.94
717,1.76;2.37;4.65;1.79;3.72;4.8;5.02;2.53;1.77;1.88
718,1.79;2.82;8.54;1.98;2.9;3.29;7.37;4.29;1.74;1.87
719,1.8;2.54;6.0;1.92;2.44;2.98;6.43;2.87;1.91;1.86
720,2.03;4.17;4.74;2.23;1.85;2.08;4.47;2.65;2.55;1.85
721,1.82;2.7;3.26;2.23;2.78;2.09;2.66;2.32;3.36;1.88
722,1.87;2.84;4.11;2.54;5.22;2.25;1.92;1.91;3.0;1.79
723,1.71;2.38;2.74;2.58;6.68;2.28;1.73;2.67;2.78;1.82
724,2.0;2.53;3.29;2.92;9.32;1.83;1.97;5.76;2.65;1.8
725,1.92;2.03;2.99;2.67;3.71;2.15;1.99;6.46;2.32;1.92
726,2.26;1.99;2.72;4.52;4.92;2.89;2.14;3.41;2.47;2.33
727,2.19;2.15;3.14;4.63;2.87;4.19;3.86;3.43;2.1;2.27
728,2.37;2.09;3.25;3.15;2.69;4.34;2.87;3.76;2.17;1.97
729,2.43;2.16;2.96;5.55;3.38;4.91;2.35;4.57;2.24;2.26
730,2.01;2.26;2.95;3.03;3.23;5.45;2.57;3.21;2.27;2.38
731,2.02;2.31;2.54;2.85;2.39;3.86;2.76;2.96;2.27;2.74
732,2.43;2.17;2.65;5.04;4.31;2.45;4.47;3.23;2.45;2.78
733,2.0;2.11;2.85;4.15;4.7;3.16;2.13;3.33;2.42;2.82
734,1.95;2.2;2.6;3.14;6.25;2.72;2.32;2.56;2.62;3.16
735,1.89;2.17;2.4;5.29;6.67;2.28;2.48;2.29;2.58;2.16
736,1.84;2.07;2.51;3.33;4.97;2.11;2.47;2.45;2.38;2.08
737,1.69;2.14;2.71;2.22;8.49;2.18;1.96;2.37;2.28;2.21
738,1.71;2.2;2.64;2.54;3.87;2.38;2.73;2.64;2.21;2.28
739,1.73;1.88;1.95;2.46;4.72;2.01;2.41;2.57;1.9;2.38
740,2.09;1.96;1.99;3.99;5.96;2.13;2.04;2.23;1.76;2.21
741,1.86;2.28;2.09;3.95;2.92;2.54;2.17;1.95;2.08;3.11
742,2.29;2.39;1.78;3.3;2.43;2.64;2.28;1.96;1.92;4.73
743,3.08;2.48;1.78;3.48;2.48;2.82;2.56;2.6;1.71;3.86
744,7.24;2.5;1.73;2.37;1.84;2.93;2.39;2.68;1.91;2.6
745,6.95;2.04;1.73;1.88;1.84;2.21;2.85;1.83;1.96;2.66
746,5.54;1.97;2.03;1.62;1.88;1.79;2.8;1.9;2.79;2.26
747,4.12;2.03;2.54;1.84;2.53;1.76;2.36;2.06;2.18;1.9
748,5.74;2.45;1.87;1.66;1.86;1.93;1.87;2.78;2.19;2.01
749,6.32;2.62;1.82;1.68;1.84;2.82;1.82;2.38;1.91;1.97
750,4.61;2.21;1.66;1.89;1.78;2.36;1.9;1.91;1.98;1.79
751,4.4;1.91;1.67;1.84;1.86;4.25;1.88;1.83;2.06;1.82
752,4.31;1.71;1.82;1.86;1.85;2.98;1.93;2.2;1.94;2.11
753,3.86;1.91;1.79;1.8;1.67;2.7;1.96;4.54;1.91;1.82
754,2.27;2.18;1.89;1.98;1.68;2.38;3.03;3.87;1.97;2.2
755,2.57;2.08;2.13;2.07;2.02;2.42;2.5;3.64;1.93;2.28
756,2.13;1.74;1.87;1.94;2.08;2.08;2.87;3.64;2.0;1.76
757,2.35;1.77;1.87;2.21;2.08;2.03;3.81;4.66;1.87;1.74
758,3.68;1.74;1.7;2.06;1.77;1.84;3.64;7.78;1.83;1.61
759,3.5;1.95;1.9;2.35;1.74;2.02;2.64;3.61;1.94;1.61
760,2.44;2.54;1.78;2.54;1.93;2.22;1.88;2.2;1.9;1.62
761,1.83;2.82;1.61;2.15;2.35;2.29;1.89;2.21;1.93;1.78
762,1.71;2.0;1.7;2.19;3.2;2.38;1.86;2.83;1.91;1.84
763,2.2;2.17;1.98;2.47;2.54;1.87;1.65;2.7;2.14;2.27
764,2.25;2.09;3.05;2.43;1.89;1.83;1.66;2.43;2.59;2.5
765,3.73;1.88;2.96;2.19;1.84;1.92;1.6;2.46;2.09;4.41
766,4.7;2.02;2.36;1.99;1.81;1.92;1.54;2.21;2.08;2.62
767,5.29;2.34;2.11;1.84;1.85;1.88;1.66;2.28;2.13;4.19
768,3.29;2.15;1.77;1.81;1.82;1.92;1.66;2.48;2.02;2.33
769,2.23;2.13;2.03;1.78;1.94;1.94;1.93;2.59;2.23;2.15
770,2.2;2.67;1.77;1.81;2.0;1.95;1.99;2.4;2.3;3.43
771,2.89;1.95;1.72;1.76;2.31;2.28;1.68;2.45;2.17;5.81
772,2.03;1.74;1.88;1.62;2.2;2.05;1.66;1.88;2.3;7.5
773,1.96;1.71;2.5;1.84;2.23;2.17;1.67;1.94;2.27;5.63
774,1.7;1.8;2.18;1.77;3.06;1.76;1.66;1.77;2.26;4.8
775,1.68;1.88;2.96;1.59;5.29;1.74;1.76;1.72;4.42;5.52
776,1.74;2.22;2.16;1.66;3.97;1.97;1.79;1.88;2.4;2.51
777,1.81;2.27;1.86;1.66;4.5;2.01;2.22;2.17;3.92;2.38
778,1.72;2.5;1.95;1.63;4.86;1.96;2.14;2.26;3.89;2.17
779,2.0;3.81;1.74;1.79;2.43;1.77;2.16;1.84;2.7;2.26
780,2.04;3.03;1.77;2.31;2.35;1.68;2.13;1.84;2.52;2.65
781,1.73;1.96;1.72;1.75;2.38;1.82;1.89;2.13;2.0;2.83
782,1.95;2.01;1.82;1.62;2.26;1.8;1.7;2.99;1.98;5.49
783,1.92;1.96;2.22;1.66;2.3;2.1;1.66;3.46;1.8;16.63
784,1.67;2.62;2.36;2.0;2.32;2.31;1.81;2.98;2.05;7.88
785,1.7;2.55;2.48;1.7;2.34;2.19;1.89;2.25;2.59;5.09
786,1.57;2.59;2.36;1.67;2.31;2.11;1.86;2.19;3.07;4.66
787,1.58;1.94;1.88;1.68;2.23;1.84;1.99;1.76;2.36;2.52
788,1.68;1.92;2.21;1.65;2.48;1.9;2.03;2.04;2.0;2.65
789,1.65;2.0;2.11;1.73;2.04;2.66;2.18;2.0;2.27;2.09
790,1.59;1.89;2.3;1.73;1.89;2.78;1.9;1.72;2.19;2.12
791,1.67;2.17;2.15;1.82;1.95;4.47;2.44;1.7;2.39;1.87
792,2.03;1.92;2.26;1.73;1.8;11.21;2.39;1.71;2.16;2.3
793,2.97;2.15;3.73;1.73;1.7;12.58;3.61;1.75;1.86;2.67
794,2.75;1.77;2.37;2.19;1.95;10.25;3.6;1.81;2.66;2.37
795,2.05;1.74;4.72;2.24;1.84;9.35;3.97;1.78;2.65;2.94
796,1.75;1.9;3.56;2.96;1.78;4.65;2.77;2.02;2.1;2.61
797,1.83;1.84;2.14;3.34;1.83;4.74;2.51;2.0;2.18;2.48
798,1.77;1.85;1.75;3.63;1.86;5.46;1.8;2.07;3.02;3.41
799,1.66;1.93;1.72;2.11;1.91;11.59;2.06;2.18;2.26;2.87
800,1.74;1.76;2.1;2.03;1.78;13.5;3.37;2.22;2.15;3.28
801,1.75;1.76;1.81;1.95;2.31;27.87;2.15;1.72;2.08;2.42
802,1.84;2.0;1.85;2.06;1.75;26.06;2.2;1.63;2.02;2.33
803,2.15;1.72;1.63;1.73;1.8;7.58;2.08;1.71;2.2;1.81
804,2.25;2.02;1.69;1.62;1.8;4.21;2.1;1.74;2.18;1.78
805,2.09;1.97;1.84;1.75;2.08;4.08;2.42;1.96;2.66;1.66
806,2.09;1.71;1.93;1.78;2.59;3.05;2.1;1.77;2.65;1.88
807,1.94;1.69;1.88;2.09;2.5;5.99;1.92;1.97;2.56;2.65
808,1.96;1.79;1.78;1.97;2.63;3.05;2.29;2.07;2.98;3.51
809,1.85;2.03;1.96;1.9;3.18;3.96;2.64;2.11;2.96;3.05
810,1.86;2.3;3.19;1.73;2.71;2.73;2.51;2.04;3.17;5.18
811,1.95;2.26;2.93;2.08;2.4;2.55;1.95;2.65;2.21;3.07
812,1.94;2.83;2.71;2.03;2.37;3.49;1.94;5.01;2.11;4.16
813,2.01;2.87;3.92;1.78;2.29;8.49;2.06;4.12;2.06;5.35
814,1.93;2.46;4.14;2.15;2.38;4.88;1.95;4.35;2.04;6.6
815,1.94;3.4;2.71;2.33;2.38;5.53;2.34;3.61;2.07;5.96
816,1.89;2.16;2.16;1.89;2.62;3.83;3.13;2.84;1.85;4.11
817,2.46;2.15;1.99;1.89;2.45;8.55;4.13;2.81;1.79;4.03
818,2.12;2.12;2.04;1.94;2.27;6.15;2.47;2.72;1.87;2.51
819,2.63;2.17;1.87;1.63;2.39;2.98;2.7;2.67;1.96;2.41
820,3.64;2.27;2.48;1.76;2.95;3.42;3.14;2.69;1.7;3.35
821,2.23;2.28;5.13;1.71;3.35;2.93;3.14;2.82;1.68;2.99
822,2.21;1.88;5.52;1.92;5.0;4.82;3.03;2.48;1.77;5.49
823,2.42;1.67;2.51;1.85;3.71;11.67;2.12;2.41;1.65;3.44
824,1.9;1.6;2.35;2.08;2.95;9.86;1.97;2.38;1.58;2.54
825,2.06;1.92;2.19;1.87;2.35;10.63;1.98;3.54;1.67;4.84
826,2.24;2.38;2.07;1.91;2.27;5.49;2.21;4.47;1.63;2.47
827,1.84;2.3;2.11;1.95;2.48;6.32;2.9;3.39;1.65;1.83
828,1.89;2.1;2.15;1.9;2.57;3.05;3.87;2.47;1.65;1.84
829,1.83;2.36;2.2;1.85;1.99;2.37;2.34;2.83;1.74;2.51
830,1.79;2.07;2.31;1.82;2.36;2.42;2.22;3.23;1.73;2.5
831,1.82;2.46;2.44;1.69;2.36;2.43;2.01;4.82;1.75;2.09
832,1.84;2.26;2.3;1.84;2.14;2.58;1.98;5.17;2.06;3.41
833,1.69;1.98;2.24;2.1;2.07;1.88;1.75;7.15;2.51;2.38
834,1.7;2.23;1.97;2.09;2.08;1.88;1.69;6.38;2.32;2.34
835,1.71;1.92;2.05;2.05;2.14;1.84;2.17;6.47;2.27;2.39
836,1.95;1.92;2.13;2.02;2.09;2.32;2.27;5.28;3.13;2.27
837,2.13;1.83;2.4;2.09;2.1;2.41;1.96;5.83;2.87;2.06
838,2.1;1.78;2.42;2.18;2.03;2.16;1.62;6.02;3.03;2.13
839,2.04;1.87;2.51;2.1;2.47;2.84;1.62;4.91;2.57;2.26
840,1.81;1.75;2.3;1.97;2.83;2.41;1.61;4.8;2.81;2.19
841,1.77;1.98;2.18;2.02;2.2;1.88;1.68;5.09;2.85;1.81
842,2.09;2.02;2.18;2.76;2.31;2.1;1.79;6.6;2.92;2.7
843,1.99;2.06;2.11;2.44;2.21;2.18;1.91;5.5;2.64;2.18
844,1.82;2.17;2.03;2.32;2.14;1.74;1.68;4.61;2.07;2.11
845,1.93;2.03;1.97;2.32;2.86;1.78;1.6;2.21;2.01;2.38
846,2.36;1.96;2.1;3.45;2.03;1.74;1.6;2.13;2.45;2.06
847,3.05;2.02;2.38;3.97;1.96;1.82;1.62;3.05;3.69;1.97
848,3.26;1.81;2.39;3.36;1.98;1.96;1.87;3.22;2.69;1.9
849,3.19;2.13;2.49;4.16;2.32;2.33;1.93;4.33;2.64;2.03
850,3.06;2.03;2.41;4.09;2.37;1.92;1.66;5.22;3.04;2.04
851,3.05;2.46;1.94;3.77;2.78;1.9;1.65;5.99;2.64;2.14
852,2.89;2.17;1.85;2.5;2.69;2.43;1.7;3.39;2.59;1.97
853,2.89;2.17;1.81;2.36;3.05;2.52;1.62;4.72;2.79;1.9
854,2.9;2.35;1.66;2.16;3.17;2.48;1.75;4.22;2.05;1.85
855,2.16;2.2;1.59;2.3;2.57;2.65;1.72;2.82;1.88;2.0
856,2.02;2.34;1.64;2.37;2.02;2.24;1.97;4.99;1.94;2.09
857,1.75;2.08;1.88;2.23;1.97;2.69;1.97;5.0;2.3;2.23
858,2.06;2.08;1.92;2.04;2.09;2.49;1.75;5.52;4.56;2.1
859,2.59;2.01;1.94;2.39;2.01;2.14;1.74;5.47;4.77;2.01
860,2.54;2.27;2.46;2.16;2.18;2.59;1.77;2.72;2.96;1.74
861,2.77;2.58;2.22;2.97;2.66;2.45;1.84;3.37;2.03;1.73
862,1.89;2.62;2.22;2.53;2.65;2.16;1.86;3.01;2.04;1.74
863,1.92;2.77;2.14;2.39;1.99;2.26;1.87;3.79;2.11;1.73
864,2.69;2.73;2.25;2.4;2.04;1.88;2.12;4.6;2.24;1.87
865,2.43;2.95;2.15;2.37;2.14;1.85;2.1;2.34;1.87;2.24
866,2.65;2.51;3.03;2.1;2.06;1.81;2.03;1.97;1.94;2.3
867,2.01;2.28;2.88;1.93;2.39;1.64;2.08;2.46;2.53;2.03
868,2.52;2.2;2.77;2.09;2.09;1.74;2.26;2.07;4.45;1.95
869,2.04;2.62;2.84;2.39;2.2;1.75;1.84;1.81;3.87;2.33
870,3.39;3.56;2.45;2.5;2.29;1.99;2.35;1.85;3.38;2.11
871,8.13;3.23;2.6;2.67;3.58;2.51;1.97;2.49;3.01;2.35
872,3.06;2.18;2.03;2.45;3.53;2.46;2.0;2.07;2.8;2.44
873,2.93;2.83;2.0;3.26;4.14;2.47;1.97;2.0;3.06;2.58
874,3.28;2.39;2.09;3.17;2.62;2.58;2.54;1.92;2.62;2.56
875,3.38;2.07;1.74;2.95;2.05;2.35;2.42;2.56;4.49;2.03
876,5.39;2.3;1.76;5.19;2.39;2.33;2.17;4.79;4.12;2.61
877,6.41;2.43;1.76;9.83;2.32;2.31;2.17;11.42;3.68;2.8
878,7.92;3.15;2.03;3.34;2.96;2.36;2.06;4.24;3.9;2.86
879,3.54;2.21;2.01;2.56;2.89;2.3;1.77;2.28;10.28;1.97
880,2.23;1.93;1.98;2.08;2.17;2.24;1.8;4.09;11.2;2.0
881,4.33;2.23;1.98;2.41;2.52;2.37;1.81;8.21;5.58;2.3
882,3.39;2.11;1.77;4.51;2.47;2.26;2.1;17.38;3.12;2.54
883,2.86;2.83;1.91;3.71;2.4;3.2;2.15;7.72;5.41;2.46
884,2.39;2.66;2.74;2.78;2.81;3.71;2.28;4.66;2.45;2.61
885,2.67;2.75;2.54;2.37;5.09;2.47;2.86;5.31;2.6;2.69
886,3.65;3.1;2.16;2.32;4.3;2.55;2.67;5.17;6.19;2.02
887,3.29;8.8;2.18;2.39;4.35;2.5;3.09;2.84;3.27;2.36
888,3.4;3.79;2.39;2.74;3.82;2.64;3.36;3.99;2.13;2.46
889,3.39;3.36;2.32;2.39;7.09;2.4;9.58;2.28;3.12;5.01
890,3.41;3.51;2.25;2.85;7.6;2.35;3.52;2.33;5.1;2.66
891,2.97;3.2;1.87;2.48;3.56;2.44;3.46;2.33;2.39;1.97
892,2.17;3.2;1.81;2.66;3.47;2.61;2.31;2.57;2.02;1.73
893,1.87;2.97;1.86;4.0;3.43;2.47;2.2;3.18;2.15;1.67
894,2.13;2.14;1.62;5.12;2.71;2.49;2.0;2.52;1.94;1.78
895,2.32;2.32;1.62;4.04;2.45;2.53;1.75;2.41;1.76;1.78
896,2.88;2.16;1.67;8.87;2.5;1.82;1.71;2.23;2.16;2.11
897,2.04;2.23;1.64;15.48;2.4;1.87;1.76;2.75;1.93;1.91
898,2.08;1.97;1.66;9.87;2.91;2.32;2.17;2.46;1.93;1.91
899,1.79;1.86;1.64;4.39;1.91;2.71;2.05;2.49;2.39;1.99
900,2.05;1.92;1.63;9.99;1.72;1.97;1.97;2.13;2.63;2.12
901,2.42;1.84;1.88;10.75;1.7;2.09;1.88;1.81;2.48;2.29
902,2.57;2.46;1.96;4.89;1.87;1.85;1.89;2.25;1.95;1.94
903,2.18;2.87;1.78;3.98;2.07;1.71;2.36;2.83;2.41;1.75
904,1.86;2.66;1.76;2.31;2.26;1.69;2.22;2.06;2.55;1.72
905,1.9;3.94;1.9;2.0;1.95;1.74;4.0;1.98;3.25;1.75
906,1.94;3.29;1.78;3.01;2.25;2.13;2.31;2.06;2.78;1.88
907,2.66;2.04;2.04;2.42;2.21;2.08;2.03;1.84;1.95;2.11
908,2.13;2.69;2.44;2.36;2.62;2.15;2.18;2.12;1.92;2.03
909,2.05;2.35;2.39;1.91;2.0;3.11;2.24;2.35;1.9;2.1
910,2.07;1.97;2.2;1.89;1.78;2.06;2.26;2.78;1.86;1.94
911,2.14;2.12;2.03;2.59;1.98;1.81;2.04;1.91;2.28;2.27
912,2.08;2.32;1.76;6.23;1.96;1.86;2.46;1.8;2.67;3.44
913,1.99;1.85;1.77;6.05;1.94;1.7;2.34;1.81;7.39;3.8
914,1.79;1.89;1.68;6.79;1.77;1.73;2.33;2.01;3.04;2.84
915,1.76;1.8;1.61;2.59;1.88;1.99;2.29;2.14;4.74;3.99
916,1.74;1.65;1.73;3.26;1.97;2.36;2.13;2.14;2.78;4.02
917,1.84;1.7;1.81;2.37;2.0;3.28;2.16;1.69;3.77;2.32
918,1.84;1.75;2.05;2.18;2.06;2.2;1.95;1.71;6.46;3.17
919,1.88;1.77;2.15;2.52;2.29;2.46;1.76;1.77;2.5;3.32
920,1.84;1.71;2.11;2.32;2.41;2.61;1.78;1.71;2.37;2.89
921,2.06;1.83;1.77;1.77;2.32;2.5;1.94;2.17;2.79;2.84
922,2.16;2.15;1.65;1.86;2.27;3.45;1.96;1.94;5.09;2.85
923,2.24;2.15;1.88;2.75;2.45;2.68;1.95;1.98;4.97;2.71
924,2.17;2.08;1.73;2.22;2.09;3.47;1.93;2.05;2.34;1.97
925,1.94;1.98;1.87;2.32;2.13;3.47;1.83;2.23;2.33;2.05
926,2.91;1.98;1.81;2.87;1.96;6.84;2.27;2.24;2.19;2.36
927,2.68;2.07;1.8;3.06;2.34;6.5;2.52;1.93;2.44;2.35
928,2.59;2.05;1.68;4.5;1.98;9.97;2.4;1.9;3.85;2.33
929,2.46;1.76;1.68;2.67;1.9;5.95;2.37;2.84;5.22;2.29
930,1.81;1.78;1.89;2.84;1.86;3.04;2.05;2.72;7.37;3.01
931,1.85;1.92;2.76;2.59;2.02;2.34;1.95;2.14;5.74;2.83
932,2.16;1.87;2.63;1.97;2.27;2.01;1.91;1.96;3.18;2.85
933,2.46;1.99;3.16;1.92;3.03;2.02;1.96;2.29;5.74;3.19
934,1.91;1.76;2.39;1.88;2.3;1.72;2.54;3.36;11.19;3.6
935,2.11;1.92;1.9;2.19;3.51;1.89;2.43;3.01;12.85;3.22
936,1.9;2.48;1.74;2.35;3.83;1.9;3.53;2.91;4.73;2.26
937,1.87;2.47;1.72;2.33;2.41;2.0;4.14;2.43;3.85;2.06
938,1.69;2.58;1.73;2.55;3.37;2.51;3.02;2.25;2.35;2.1
939,1.97;2.31;1.71;3.27;5.23;4.0;2.14;2.06;2.03;2.04
940,2.09;2.39;1.74;2.46;6.4;4.7;2.12;2.04;2.07;1.98
941,3.89;3.05;1.71;1.97;5.56;4.06;1.71;1.91;2.0;1.92
942,3.93;4.3;1.86;2.4;4.91;2.74;1.62;2.13;1.98;1.81
943,4.16;3.3;1.78;4.1;2.66;2.23;1.94;2.11;2.19;1.81
944,2.14;2.86;1.91;3.37;2.62;2.12;1.78;2.05;1.88;1.66
945,2.36;2.95;2.02;2.1;2.02;2.21;2.07;2.18;2.15;1.79
946,2.08;3.58;2.09;2.11;2.04;2.07;2.21;3.24;2.15;1.8
947,2.6;4.12;2.12;2.07;2.11;2.24;1.91;3.56;1.83;1.95
948,2.79;3.78;2.02;2.15;1.72;2.17;2.52;3.65;1.85;1.77
949,2.88;2.39;1.91;2.19;1.97;2.37;1.87;2.84;1.81;1.63
950,3.21;2.38;1.95;2.19;2.03;2.37;2.35;2.66;1.87;1.73
951,3.43;2.48;2.01;2.48;2.33;1.87;2.12;3.94;1.88;1.76
952,2.99;2.37;2.06;2.19;6.46;2.62;3.1;2.24;1.93;2.26
953,1.93;2.21;1.99;2.18;3.46;2.13;2.32;2.3;1.97;3.2
954,1.87;2.0;2.0;2.28;2.22;2.32;2.4;1.81;1.97;2.75
955,2.38;2.65;2.06;2.05;3.9;2.15;3.23;1.68;2.25;2.58
956,2.06;2.5;2.42;2.1;2.73;1.94;2.15;1.79;1.92;2.58
957,2.11;2.58;2.35;2.11;2.88;1.94;2.27;2.14;1.93;4.79
958,1.88;3.28;1.96;1.88;4.75;2.02;2.2;2.44;1.93;6.09
959,1.88;3.4;1.88;1.88;3.5;2.02;2.22;2.84;1.65;2.94
960,1.98;2.62;2.24;1.91;4.88;2.03;4.22;2.0;1.62;2.63
961,2.06;2.45;2.11;2.42;6.48;2.03;4.15;1.94;1.78;2.82
962,2.02;2.24;2.18;3.38;2.59;2.71;2.97;2.01;1.81;2.14
963,2.07;2.58;2.31;3.54;2.5;2.52;4.17;1.98;1.68;2.58
964,2.0;2.72;2.45;2.39;2.55;2.69;3.66;1.96;2.01;4.31
965,2.01;2.73;2.29;2.62;2.01;2.5;2.6;1.99;1.97;7.92
966,1.95;3.26;3.26;2.34;1.98;2.61;1.98;1.81;1.87;6.24
967,2.13;2.4;3.2;2.03;1.94;2.0;2.21;1.84;2.38;3.83
968,2.05;1.95;3.17;1.97;2.18;2.08;2.71;1.61;2.52;4.38
969,1.83;2.02;2.26;1.81;3.75;1.7;2.66;1.74;2.76;4.08
970,1.95;2.08;2.39;1.85;4.14;1.84;2.72;1.65;3.74;4.66
971,1.97;2.1;2.79;2.03;4.59;2.84;2.64;1.76;3.44;7.27
972,2.01;2.17;4.46;2.1;2.34;2.67;2.47;1.66;2.98;6.32
973,1.99;2.32;5.11;3.79;2.76;2.47;3.23;1.9;2.43;3.38
974,2.06;2.43;3.6;2.37;2.59;2.25;2.85;2.13;2.23;6.86
975,1.7;2.52;4.19;3.5;6.16;2.36;3.06;1.98;2.22;5.17
976,1.69;2.02;3.94;3.29;3.68;1.96;2.13;2.0;2.15;3.71
977,1.67;1.79;2.32;3.69;6.31;1.68;2.11;2.05;2.1;2.22
978,1.76;1.78;2.52;3.81;2.93;1.8;3.12;1.96;1.83;2.19
979,2.1;1.59;2.55;2.68;2.21;1.82;3.33;2.01;1.7;1.86
980,1.75;1.55;2.69;2.49;2.82;2.37;3.49;1.72;1.89;1.96
981,1.6;1.61;2.51;2.39;2.74;2.85;3.06;1.62;2.11;1.97
982,1.74;1.78;2.36;1.78;3.06;3.53;2.52;1.64;2.21;2.6
983,1.74;1.87;2.38;1.72;5.14;3.04;2.25;1.77;2.76;2.39
984,2.29;1.84;2.32;1.9;4.26;2.57;2.34;1.76;3.14;2.39
985,3.13;1.6;2.2;1.94;3.77;2.43;2.55;1.75;3.24;2.33
986,2.88;1.84;1.96;1.73;2.29;2.88;2.41;2.45;2.51;2.24
987,2.89;1.62;1.99;1.97;2.33;2.84;2.5;4.1;5.21;2.47
988,3.27;1.7;1.89;2.04;2.4;3.08;2.67;9.16;2.42;1.89
989,2.56;1.88;1.96;1.9;1.85;3.36;2.44;4.35;2.54;1.89
990,2.3;2.11;2.54;1.93;1.84;6.54;2.31;2.68;4.39;2.63
991,1.79;2.07;2.64;1.95;2.0;6.47;2.22;2.63;4.31;2.03
992,2.06;2.0;2.24;2.05;1.93;6.95;1.92;1.99;4.9;2.02
993,1.97;2.36;2.05;1.88;1.8;5.87;2.15;1.9;4.32;2.16
994,2.56;1.87;1.84;1.85;1.89;2.81;2.31;1.97;2.56;2.5
995,2.41;1.96;1.86;1.83;2.25;2.83;2.41;1.72;1.92;2.72
996,2.21;1.88;2.16;1.91;2.07;2.2;2.14;1.73;1.75;2.93
997,2.04;2.41;4.07;2.03;1.96;1.84;1.83;1.66;1.9;2.42
998,2.65;2.37;7.77;2.04;1.97;2.04;1.78;1.79;2.37;2.38
999,2.46;2.41;6.99;2.25;2.6;1.78;1.64;1.82;2.33;2.36
