sequence,c_chain_atom_plddts_mean,netmhc_nM,c_chain_atom_plddts
ALAGFVATV,92.4028,6.3,"[98.3, 98.82, 98.86, 98.49, 98.37, 98.91, 98.93, 98.92, 98.78, 98.86, 98.16, 97.59, 97.54, 98.71, 98.69, 98.7, 98.19, 98.25, 97.73, 96.96, 96.52, 91.7, 93.77, 91.93, 92.66, 86.29, 84.36, 73.01, 64.86, 67.92, 56.17, 57.59, 55.57, 93.12, 92.92, 94.79, 91.5, 85.2, 78.05, 81.28, 96.88, 97.34, 98.08, 97.14, 94.55, 98.6, 98.72, 98.77, 98.46, 98.33, 93.89, 93.94, 98.79, 98.79, 98.51, 97.2, 98.45, 98.0, 97.3, 95.46]"
ALAGFVLTV,89.2117,6.0,"[98.2, 98.77, 98.81, 98.27, 98.25, 98.85, 98.88, 98.85, 98.66, 98.79, 98.07, 97.38, 97.37, 98.51, 98.44, 98.44, 97.75, 97.77, 96.99, 95.82, 95.2, 89.39, 92.42, 90.0, 90.94, 83.86, 81.45, 70.36, 60.75, 64.11, 52.44, 53.98, 52.35, 89.88, 89.22, 90.64, 85.31, 80.43, 71.68, 75.55, 90.12, 91.55, 94.35, 92.25, 84.35, 71.56, 63.84, 66.08, 96.33, 97.3, 97.52, 96.47, 96.19, 89.82, 90.16, 98.37, 98.54, 98.15, 96.93, 98.13, 97.57, 96.87, 95.06]"
ALAGGVATV,95.7157,8.9,"[98.39, 98.86, 98.9, 98.64, 98.47, 98.93, 98.94, 98.92, 98.77, 98.87, 98.26, 97.71, 97.59, 98.72, 98.68, 98.68, 98.09, 98.15, 97.1, 95.7, 94.42, 85.95, 87.63, 87.22, 89.78, 82.44, 91.02, 92.49, 95.2, 93.42, 85.88, 81.97, 83.91, 97.67, 98.15, 98.45, 97.72, 96.91, 98.8, 98.84, 98.87, 98.68, 98.55, 94.93, 94.86, 98.84, 98.84, 98.63, 97.47, 98.56, 98.15, 97.22, 95.09]"
ALAGLVATV,95.0153,9.3,"[98.23, 98.8, 98.86, 98.44, 98.26, 98.92, 98.94, 98.92, 98.81, 98.87, 98.22, 97.71, 97.68, 98.74, 98.72, 98.74, 98.32, 98.28, 97.78, 96.96, 96.23, 90.05, 94.66, 93.45, 94.67, 87.54, 86.57, 73.35, 67.05, 68.93, 94.98, 95.07, 96.31, 93.7, 89.76, 83.37, 84.67, 97.78, 98.13, 98.46, 97.74, 96.63, 98.81, 98.86, 98.89, 98.71, 98.58, 94.87, 94.86, 98.87, 98.88, 98.71, 97.75, 98.66, 98.35, 97.69, 96.08]"
ALAGWVATV,94.0716,5.1,"[97.97, 98.73, 98.83, 98.35, 98.04, 98.9, 98.91, 98.89, 98.73, 98.83, 98.0, 97.44, 97.36, 98.69, 98.67, 98.69, 98.24, 98.22, 97.52, 96.77, 96.51, 91.79, 95.54, 96.12, 96.9, 93.89, 91.57, 86.64, 77.03, 85.28, 71.56, 79.56, 73.26, 71.93, 68.12, 68.61, 95.68, 96.42, 97.44, 96.75, 92.86, 90.76, 92.82, 97.75, 98.1, 98.38, 97.63, 96.75, 98.76, 98.83, 98.86, 98.64, 98.51, 94.28, 94.23, 98.81, 98.82, 98.55, 97.19, 98.5, 98.13, 97.41, 95.56]"
ALFGFVATV,93.4755,6.1,"[97.75, 98.69, 98.79, 98.31, 98.06, 98.86, 98.89, 98.88, 98.75, 98.8, 97.87, 97.08, 97.22, 98.74, 98.74, 98.74, 97.98, 98.41, 98.1, 96.74, 96.46, 94.5, 95.09, 95.32, 97.44, 96.79, 96.58, 91.51, 93.95, 92.75, 93.12, 85.66, 85.95, 76.31, 70.54, 72.49, 62.54, 62.86, 61.23, 94.13, 94.36, 95.7, 92.47, 88.5, 81.72, 83.54, 97.21, 97.73, 98.2, 97.33, 95.86, 98.67, 98.77, 98.81, 98.54, 98.42, 94.64, 94.54, 98.8, 98.81, 98.56, 97.44, 98.54, 98.14, 97.57, 95.89]"
ALYGFIATV,93.6996,5.4,"[98.08, 98.77, 98.8, 98.29, 98.29, 98.9, 98.92, 98.9, 98.75, 98.83, 98.06, 97.47, 97.5, 98.68, 98.66, 98.68, 98.1, 98.16, 97.42, 95.48, 95.27, 92.3, 93.3, 93.68, 90.0, 97.32, 96.67, 96.58, 91.57, 94.62, 93.9, 94.83, 88.72, 87.56, 80.09, 74.85, 77.48, 67.42, 67.47, 66.71, 94.66, 94.04, 95.0, 92.91, 87.92, 82.71, 83.24, 80.67, 97.33, 97.8, 98.2, 97.42, 96.26, 98.7, 98.8, 98.84, 98.63, 98.52, 95.05, 95.11, 98.83, 98.84, 98.61, 97.53, 98.6, 98.27, 97.75, 96.25]"
ALYGFVATL,92.5309,13.9,"[97.33, 98.6, 98.7, 98.12, 97.83, 98.84, 98.87, 98.85, 98.72, 98.79, 98.07, 97.43, 97.59, 98.62, 98.62, 98.66, 98.1, 98.13, 97.55, 95.89, 95.79, 92.91, 93.85, 94.15, 90.44, 97.17, 96.51, 96.27, 90.86, 92.99, 91.77, 92.25, 83.57, 84.09, 75.64, 70.03, 72.85, 62.56, 62.61, 62.26, 92.25, 91.89, 93.15, 88.67, 85.13, 77.4, 80.65, 95.32, 96.45, 97.26, 95.96, 93.77, 97.76, 98.21, 98.35, 97.78, 97.44, 92.24, 93.06, 98.0, 98.1, 96.99, 94.16, 97.61, 97.52, 96.37, 95.31, 93.42]"
ALYGFVATV,93.4576,6.6,"[97.79, 98.68, 98.75, 98.18, 98.07, 98.86, 98.88, 98.86, 98.7, 98.79, 97.85, 97.12, 97.24, 98.59, 98.57, 98.64, 98.03, 97.87, 97.02, 94.89, 94.82, 91.37, 92.54, 92.81, 88.63, 97.27, 96.69, 96.63, 91.64, 94.03, 93.11, 93.63, 86.2, 86.7, 78.17, 72.87, 75.07, 65.3, 65.28, 64.51, 94.16, 94.38, 95.75, 92.54, 88.48, 81.57, 83.62, 97.11, 97.71, 98.19, 97.37, 95.99, 98.67, 98.77, 98.81, 98.57, 98.44, 94.69, 94.59, 98.79, 98.81, 98.54, 97.4, 98.53, 98.13, 97.54, 95.86]"
ALYGFVLTV,92.8373,6.0,"[97.86, 98.72, 98.77, 98.18, 98.14, 98.87, 98.89, 98.88, 98.75, 98.81, 98.03, 97.36, 97.44, 98.62, 98.62, 98.65, 98.12, 98.13, 97.43, 95.57, 95.49, 92.52, 93.48, 93.84, 90.07, 97.07, 96.46, 96.41, 91.1, 93.93, 93.53, 94.77, 87.86, 86.67, 76.72, 70.52, 73.45, 62.18, 62.75, 61.95, 94.85, 94.92, 95.71, 92.19, 89.33, 82.66, 85.47, 95.32, 96.23, 97.35, 95.98, 93.11, 82.94, 79.13, 83.26, 98.18, 98.53, 98.53, 98.0, 98.16, 95.13, 95.26, 98.71, 98.77, 98.46, 97.32, 98.51, 98.14, 97.64, 96.21]"
ALYGFVPTV,94.0636,3.4,"[98.11, 98.76, 98.8, 98.27, 98.34, 98.88, 98.9, 98.87, 98.72, 98.81, 98.03, 97.43, 97.5, 98.62, 98.61, 98.65, 98.05, 98.04, 97.1, 95.11, 95.02, 91.36, 92.54, 92.82, 88.58, 97.4, 96.82, 96.9, 92.59, 95.37, 94.65, 95.14, 89.69, 89.5, 79.41, 74.12, 76.25, 66.77, 67.13, 66.58, 95.53, 95.6, 96.66, 94.83, 90.96, 84.29, 85.58, 97.76, 97.81, 98.31, 97.93, 96.13, 92.79, 96.43, 98.62, 98.77, 98.81, 98.57, 98.49, 95.82, 95.69, 98.75, 98.78, 98.47, 97.1, 98.48, 98.06, 97.45, 95.68]"
ALYGGVATV,97.1930,6.6,"[98.41, 98.86, 98.91, 98.65, 98.55, 98.95, 98.96, 98.95, 98.87, 98.9, 98.2, 97.7, 97.69, 98.88, 98.89, 98.87, 98.58, 98.78, 98.74, 98.33, 98.26, 97.73, 97.81, 98.09, 96.93, 98.07, 97.52, 97.27, 91.93, 95.98, 95.63, 96.29, 90.8, 96.34, 96.45, 97.19, 95.15, 92.34, 85.2, 86.68, 97.88, 98.1, 98.41, 97.63, 96.69, 98.76, 98.83, 98.86, 98.66, 98.57, 95.6, 95.62, 98.82, 98.83, 98.57, 97.36, 98.57, 98.21, 97.5, 95.78]"
ALYGGVLTV,94.0265,5.5,"[98.37, 98.83, 98.86, 98.43, 98.43, 98.92, 98.93, 98.92, 98.81, 98.86, 98.12, 97.45, 97.48, 98.79, 98.79, 98.76, 98.39, 98.62, 98.55, 98.04, 97.92, 97.22, 97.34, 97.65, 96.19, 97.38, 96.65, 96.35, 89.67, 94.55, 93.73, 94.47, 87.49, 90.51, 90.87, 92.09, 87.49, 82.88, 72.71, 76.41, 90.96, 92.55, 95.14, 93.73, 86.34, 75.75, 68.9, 71.56, 97.01, 97.71, 97.79, 96.91, 96.87, 91.95, 92.47, 98.24, 98.45, 98.0, 96.78, 98.04, 97.39, 96.57, 94.64]"
ALYGLVATV,96.4005,9.5,"[98.06, 98.78, 98.85, 98.45, 98.29, 98.92, 98.93, 98.93, 98.84, 98.86, 98.15, 97.58, 97.66, 98.8, 98.81, 98.81, 98.42, 98.59, 98.49, 97.72, 97.61, 96.45, 96.72, 97.17, 95.2, 97.75, 97.33, 97.29, 92.83, 96.8, 96.06, 96.1, 90.26, 92.94, 87.77, 83.33, 85.0, 96.17, 96.1, 96.82, 94.44, 91.6, 84.69, 86.72, 97.51, 97.94, 98.32, 97.54, 96.44, 98.72, 98.82, 98.86, 98.68, 98.55, 95.26, 95.26, 98.82, 98.84, 98.62, 97.59, 98.62, 98.27, 97.69, 96.19]"
ALYGLVLTV,93.6815,7.9,"[97.88, 98.71, 98.77, 98.16, 98.1, 98.88, 98.89, 98.88, 98.77, 98.8, 98.04, 97.33, 97.39, 98.65, 98.64, 98.66, 98.11, 98.2, 97.65, 95.98, 95.81, 93.31, 94.06, 94.39, 91.01, 97.02, 96.16, 95.77, 89.27, 93.55, 92.29, 93.6, 86.33, 85.48, 75.3, 70.83, 74.4, 93.44, 93.75, 94.85, 90.84, 87.52, 80.54, 83.69, 94.5, 95.72, 97.22, 95.5, 91.62, 79.48, 73.75, 78.16, 97.96, 98.4, 98.44, 97.88, 97.95, 94.5, 94.5, 98.64, 98.73, 98.43, 97.42, 98.47, 98.07, 97.54, 96.08]"
ALYGMVATV,96.2878,7.9,"[98.1, 98.81, 98.87, 98.55, 98.37, 98.93, 98.94, 98.93, 98.85, 98.87, 98.16, 97.6, 97.68, 98.83, 98.85, 98.85, 98.56, 98.7, 98.65, 98.12, 98.06, 97.24, 97.41, 97.77, 96.31, 97.93, 97.52, 97.45, 93.38, 96.39, 96.37, 96.47, 91.85, 93.25, 88.41, 81.23, 74.25, 95.73, 95.76, 96.77, 94.37, 90.87, 84.11, 85.9, 97.55, 97.99, 98.35, 97.61, 96.62, 98.74, 98.84, 98.88, 98.71, 98.58, 95.35, 95.39, 98.81, 98.84, 98.59, 97.31, 98.57, 98.22, 97.55, 95.9]"
ALYGWVATV,92.9649,4.9,"[97.49, 98.58, 98.67, 97.79, 97.78, 98.79, 98.82, 98.78, 98.56, 98.69, 97.62, 96.71, 96.89, 98.43, 98.41, 98.46, 97.66, 97.6, 96.6, 94.25, 94.29, 90.6, 91.81, 92.04, 87.72, 96.49, 95.62, 95.62, 89.74, 94.31, 94.43, 94.31, 88.37, 89.95, 85.02, 78.89, 84.99, 74.11, 80.34, 74.45, 72.12, 67.72, 66.74, 93.22, 93.9, 95.56, 92.48, 87.88, 80.58, 82.9, 96.53, 97.21, 97.81, 96.67, 95.14, 98.5, 98.64, 98.7, 98.35, 98.18, 93.85, 93.76, 98.66, 98.7, 98.34, 96.94, 98.33, 97.87, 97.21, 95.37]"
ALYGWVLTV,92.1630,4.3,"[97.78, 98.66, 98.72, 97.96, 98.01, 98.83, 98.86, 98.83, 98.66, 98.74, 97.86, 97.06, 97.16, 98.48, 98.44, 98.47, 97.78, 97.81, 96.97, 94.86, 94.85, 91.69, 92.71, 93.01, 89.16, 95.87, 94.73, 94.76, 87.97, 92.94, 93.41, 93.81, 88.69, 88.31, 82.86, 76.2, 82.94, 71.06, 77.88, 72.28, 68.88, 65.55, 64.2, 92.94, 94.11, 95.42, 92.24, 88.51, 81.6, 84.67, 95.35, 96.22, 97.3, 95.87, 93.17, 82.95, 78.66, 82.24, 98.11, 98.44, 98.45, 97.87, 98.03, 94.92, 95.02, 98.6, 98.69, 98.32, 96.98, 98.38, 97.98, 97.4, 95.76]"
ALYPFVATV,91.3581,5.5,"[97.45, 98.5, 98.52, 97.38, 97.71, 98.76, 98.78, 98.66, 98.2, 98.66, 97.78, 96.97, 97.05, 97.77, 97.31, 97.49, 96.44, 95.28, 93.45, 89.77, 90.05, 83.61, 85.16, 84.79, 79.09, 95.98, 94.11, 92.55, 87.23, 91.3, 88.36, 92.7, 92.06, 90.6, 91.46, 85.29, 82.98, 76.19, 69.22, 71.37, 62.14, 61.97, 60.87, 90.47, 90.96, 93.49, 89.48, 82.44, 73.42, 77.24, 95.95, 97.14, 97.89, 97.04, 94.93, 98.55, 98.69, 98.75, 98.47, 98.32, 94.62, 94.51, 98.71, 98.73, 98.37, 97.0, 98.36, 97.84, 97.27, 95.42]"
ALYPWVATV,92.2048,4.2,"[97.36, 98.52, 98.6, 97.65, 97.69, 98.74, 98.77, 98.69, 98.33, 98.63, 97.65, 96.8, 96.93, 97.9, 97.67, 97.71, 96.48, 96.06, 94.44, 91.21, 91.69, 86.06, 87.53, 87.76, 82.54, 96.62, 94.98, 93.43, 87.86, 92.44, 89.65, 93.92, 94.57, 93.91, 93.79, 88.82, 89.68, 86.41, 79.8, 85.84, 75.27, 80.35, 75.36, 73.65, 70.98, 70.19, 90.59, 91.11, 93.8, 89.88, 82.26, 74.29, 78.35, 95.53, 96.76, 97.57, 96.4, 94.4, 98.46, 98.61, 98.68, 98.32, 98.17, 94.17, 93.99, 98.61, 98.65, 98.21, 96.67, 98.26, 97.77, 97.16, 95.35]"
KLAGFVATV,92.4170,4.8,"[96.76, 98.57, 98.84, 98.72, 96.88, 94.42, 94.78, 94.4, 93.06, 98.83, 98.9, 98.9, 98.75, 98.82, 98.1, 97.72, 97.65, 98.56, 98.64, 98.69, 98.25, 98.19, 97.58, 96.87, 96.41, 91.21, 93.3, 91.62, 92.33, 85.54, 83.77, 72.12, 63.93, 67.13, 55.6, 56.95, 55.06, 93.41, 93.0, 94.89, 91.48, 84.97, 78.32, 81.82, 96.97, 97.41, 98.07, 97.06, 94.75, 98.68, 98.77, 98.81, 98.52, 98.44, 94.35, 94.43, 98.85, 98.85, 98.63, 97.42, 98.6, 98.31, 97.73, 96.3]"
KLYGFVATL,92.6244,9.5,"[95.87, 98.32, 98.67, 98.39, 96.26, 93.93, 93.48, 92.68, 90.12, 98.75, 98.84, 98.82, 98.68, 98.75, 98.11, 97.66, 97.74, 98.38, 98.52, 98.62, 98.16, 98.03, 97.58, 95.86, 95.87, 92.99, 94.01, 94.45, 90.69, 96.93, 96.48, 96.43, 91.21, 92.77, 91.82, 92.33, 83.67, 84.22, 75.85, 70.32, 73.31, 63.2, 63.12, 62.81, 92.62, 92.22, 93.41, 88.78, 85.36, 77.93, 81.28, 95.52, 96.62, 97.34, 96.13, 94.18, 97.81, 98.26, 98.38, 97.85, 97.54, 92.71, 93.58, 98.04, 98.16, 97.04, 94.05, 97.73, 97.64, 96.59, 95.63, 93.86]"
KLYGFVATV,93.7537,5.0,"[96.1, 98.42, 98.73, 98.51, 96.56, 93.78, 93.84, 93.47, 91.42, 98.76, 98.85, 98.84, 98.69, 98.76, 97.97, 97.53, 97.61, 98.39, 98.53, 98.64, 98.15, 97.98, 97.42, 95.51, 95.61, 92.51, 93.59, 94.03, 90.06, 96.93, 96.57, 96.7, 91.88, 94.21, 93.72, 94.4, 87.03, 87.33, 78.66, 73.19, 76.12, 66.08, 65.88, 65.4, 95.1, 95.13, 96.16, 92.93, 89.63, 83.19, 85.37, 97.25, 97.85, 98.24, 97.48, 96.37, 98.73, 98.82, 98.86, 98.66, 98.56, 95.22, 95.3, 98.83, 98.85, 98.63, 97.58, 98.63, 98.36, 97.87, 96.55]"
KLYGFVLTV,89.8370,4.4,"[96.1, 98.31, 98.65, 98.27, 96.25, 93.34, 93.36, 92.54, 89.99, 98.66, 98.77, 98.75, 98.52, 98.62, 97.69, 96.94, 97.04, 98.1, 98.25, 98.33, 97.45, 97.48, 96.6, 94.32, 94.28, 90.48, 91.79, 91.93, 87.8, 96.02, 95.35, 95.36, 89.0, 91.56, 90.31, 91.33, 83.36, 81.66, 71.9, 64.8, 66.71, 57.24, 57.2, 56.47, 87.67, 87.76, 89.86, 84.38, 77.9, 68.61, 72.91, 90.33, 91.87, 94.99, 93.6, 84.92, 72.53, 64.75, 67.99, 96.55, 97.55, 97.68, 96.81, 96.86, 91.93, 92.31, 98.46, 98.6, 98.21, 96.96, 98.25, 97.79, 97.27, 95.76]"
KLYGFVPTV,94.1153,2.9,"[96.6, 98.46, 98.7, 98.41, 96.82, 94.14, 94.38, 93.76, 91.59, 98.8, 98.85, 98.83, 98.68, 98.75, 97.96, 97.54, 97.63, 98.49, 98.54, 98.61, 98.03, 97.96, 97.19, 95.15, 95.18, 91.67, 92.83, 93.3, 88.94, 97.28, 96.82, 97.03, 92.99, 95.48, 94.96, 95.47, 90.03, 89.9, 79.35, 74.09, 76.63, 66.96, 67.13, 66.6, 95.67, 95.78, 96.79, 95.07, 91.13, 85.17, 86.74, 97.79, 97.84, 98.33, 97.92, 96.16, 92.68, 96.44, 98.67, 98.8, 98.84, 98.62, 98.56, 95.94, 95.84, 98.81, 98.84, 98.6, 97.44, 98.63, 98.34, 97.88, 96.59]"
KLYGGVATV,97.2247,5.1,"[97.38, 98.67, 98.85, 98.71, 97.45, 94.69, 95.29, 94.66, 93.09, 98.93, 98.95, 98.94, 98.85, 98.89, 98.23, 97.94, 97.91, 98.86, 98.88, 98.87, 98.62, 98.77, 98.76, 98.36, 98.3, 97.83, 97.94, 98.24, 97.23, 98.13, 97.74, 97.58, 92.82, 96.3, 96.07, 96.68, 91.58, 97.0, 96.93, 97.38, 95.09, 93.31, 87.18, 89.08, 97.99, 98.21, 98.47, 97.72, 96.98, 98.81, 98.87, 98.9, 98.74, 98.67, 96.2, 96.3, 98.86, 98.88, 98.67, 97.55, 98.69, 98.45, 97.88, 96.58]"
KLYGLVATV,95.7410,7.1,"[96.48, 98.48, 98.76, 98.55, 96.8, 93.9, 94.14, 93.54, 91.55, 98.83, 98.89, 98.88, 98.77, 98.8, 98.08, 97.63, 97.69, 98.66, 98.72, 98.75, 98.3, 98.43, 98.3, 97.24, 97.16, 95.56, 96.02, 96.58, 94.08, 97.44, 97.1, 97.08, 92.21, 96.18, 95.17, 95.22, 88.47, 91.41, 85.4, 80.73, 83.16, 95.32, 95.16, 96.12, 92.96, 89.69, 82.93, 85.56, 97.17, 97.74, 98.16, 97.22, 96.1, 98.7, 98.81, 98.86, 98.67, 98.54, 95.24, 95.33, 98.81, 98.84, 98.62, 97.61, 98.61, 98.3, 97.76, 96.42]"
KLYGMVATV,95.9131,6.0,"[97.27, 98.63, 98.8, 98.59, 97.35, 94.74, 95.08, 94.36, 92.58, 98.89, 98.92, 98.91, 98.8, 98.84, 98.15, 97.78, 97.82, 98.77, 98.8, 98.81, 98.47, 98.6, 98.56, 97.87, 97.83, 96.81, 97.07, 97.52, 95.77, 97.78, 97.42, 97.39, 93.24, 95.99, 95.75, 95.58, 89.98, 92.32, 87.37, 80.12, 73.59, 95.06, 95.06, 96.25, 93.34, 89.57, 83.22, 85.35, 97.46, 97.94, 98.3, 97.48, 96.54, 98.77, 98.85, 98.89, 98.73, 98.61, 95.52, 95.64, 98.82, 98.85, 98.62, 97.38, 98.61, 98.32, 97.72, 96.27]"
KLYGWVATV,92.9649,3.9,"[95.73, 98.24, 98.6, 98.2, 96.12, 92.97, 93.24, 92.7, 90.26, 98.68, 98.76, 98.74, 98.48, 98.61, 97.56, 96.88, 97.07, 98.28, 98.37, 98.47, 97.71, 97.54, 96.66, 94.19, 94.28, 90.51, 91.75, 92.18, 87.69, 96.36, 95.82, 96.01, 90.39, 94.22, 94.34, 94.27, 88.09, 89.71, 84.74, 78.47, 85.31, 73.83, 80.23, 74.83, 72.04, 68.0, 67.27, 93.47, 93.97, 95.62, 92.47, 87.88, 81.12, 83.52, 96.61, 97.33, 97.89, 96.81, 95.35, 98.6, 98.72, 98.76, 98.45, 98.36, 94.46, 94.47, 98.73, 98.77, 98.45, 97.08, 98.47, 98.12, 97.53, 95.99]"
KLYGWVLTV,92.4566,3.3,"[96.25, 98.26, 98.61, 98.17, 96.25, 93.08, 93.24, 92.17, 89.3, 98.68, 98.78, 98.76, 98.55, 98.64, 97.71, 97.05, 97.14, 98.35, 98.43, 98.47, 97.78, 97.87, 97.27, 95.35, 95.39, 92.46, 93.46, 93.9, 90.23, 96.33, 95.67, 95.73, 89.49, 93.93, 94.14, 94.42, 89.21, 89.74, 84.67, 78.9, 85.79, 73.96, 80.52, 76.27, 73.81, 70.54, 69.87, 92.14, 93.09, 94.76, 90.87, 86.34, 78.93, 82.1, 94.52, 95.67, 96.92, 95.19, 92.31, 82.01, 77.65, 81.56, 98.09, 98.43, 98.43, 97.85, 98.03, 95.0, 95.2, 98.58, 98.66, 98.17, 96.62, 98.32, 97.91, 97.38, 95.84]"
KLYPFVATV,91.6318,4.2,"[95.98, 98.13, 98.41, 97.93, 96.19, 93.29, 93.44, 93.03, 90.53, 98.59, 98.7, 98.55, 97.94, 98.57, 97.67, 96.99, 97.05, 97.3, 97.05, 97.4, 96.46, 94.9, 93.52, 89.3, 90.02, 83.19, 84.98, 85.01, 78.53, 95.87, 94.25, 92.92, 87.85, 91.48, 88.39, 92.56, 92.53, 91.28, 92.08, 85.84, 83.71, 77.14, 70.46, 73.28, 63.96, 63.76, 62.87, 91.13, 91.51, 93.9, 89.93, 83.07, 74.55, 78.38, 96.12, 97.19, 97.88, 96.96, 95.02, 98.57, 98.71, 98.76, 98.51, 98.39, 95.09, 95.05, 98.73, 98.76, 98.42, 97.12, 98.45, 98.06, 97.56, 96.05]"
NLAGFVATV,92.4619,10.5,"[97.34, 98.54, 98.69, 98.03, 97.41, 97.32, 92.05, 92.54, 98.76, 98.8, 98.78, 98.59, 98.65, 97.71, 97.01, 97.33, 98.59, 98.58, 98.59, 98.04, 98.06, 97.72, 96.94, 96.48, 91.74, 94.23, 92.18, 92.78, 86.38, 84.77, 73.53, 65.4, 68.49, 56.89, 58.27, 56.49, 93.33, 93.07, 94.84, 91.36, 85.37, 78.06, 81.11, 96.8, 97.21, 98.0, 96.97, 94.31, 98.58, 98.7, 98.75, 98.41, 98.29, 93.64, 93.75, 98.79, 98.79, 98.48, 97.05, 98.47, 98.1, 97.44, 95.73]"
NLYGFVATV,93.9831,10.7,"[96.57, 98.36, 98.58, 97.7, 96.99, 96.78, 91.23, 91.92, 98.64, 98.71, 98.71, 98.56, 98.52, 97.44, 96.56, 97.19, 98.53, 98.57, 98.62, 98.09, 98.11, 97.63, 95.98, 95.93, 93.15, 94.11, 94.64, 91.18, 97.27, 96.77, 96.77, 92.01, 94.99, 94.2, 94.83, 88.01, 88.34, 80.13, 74.8, 77.77, 67.82, 67.82, 67.41, 95.35, 95.29, 96.29, 93.2, 89.89, 83.23, 85.5, 97.23, 97.77, 98.19, 97.38, 96.17, 98.69, 98.79, 98.84, 98.62, 98.49, 94.79, 94.89, 98.81, 98.82, 98.56, 97.37, 98.57, 98.23, 97.7, 96.22]"
NLYGFVLTV,93.1679,9.8,"[96.46, 98.32, 98.54, 97.61, 96.9, 96.64, 90.83, 91.56, 98.62, 98.7, 98.71, 98.57, 98.5, 97.48, 96.6, 97.19, 98.49, 98.54, 98.59, 98.08, 98.1, 97.63, 95.96, 95.91, 93.25, 94.17, 94.74, 91.38, 97.09, 96.58, 96.59, 91.66, 94.62, 94.1, 95.2, 88.98, 87.92, 78.46, 72.35, 75.41, 64.66, 65.1, 64.59, 95.26, 95.24, 95.97, 92.53, 89.81, 83.62, 86.45, 95.51, 96.29, 97.36, 96.0, 93.3, 83.64, 79.89, 83.97, 98.27, 98.57, 98.57, 98.09, 98.25, 95.47, 95.64, 98.73, 98.77, 98.45, 97.25, 98.54, 98.21, 97.77, 96.46]"
NLYGWVATV,93.5589,7.6,"[96.57, 98.29, 98.49, 97.47, 96.94, 96.72, 91.22, 91.77, 98.54, 98.61, 98.61, 98.33, 98.34, 96.93, 95.77, 96.53, 98.4, 98.42, 98.46, 97.73, 97.74, 97.02, 94.95, 94.89, 91.72, 92.77, 93.3, 89.47, 96.84, 96.21, 96.29, 91.21, 95.54, 95.49, 95.34, 90.1, 91.78, 87.1, 81.41, 87.1, 77.01, 82.7, 77.25, 74.84, 70.06, 69.22, 94.33, 94.6, 95.91, 92.98, 89.09, 82.11, 84.48, 96.73, 97.31, 97.86, 96.73, 95.32, 98.55, 98.68, 98.73, 98.41, 98.26, 94.07, 94.05, 98.69, 98.72, 98.34, 96.89, 98.39, 98.0, 97.38, 95.7]"
RLAGFVATV,91.8926,7.7,"[96.68, 98.39, 98.82, 98.51, 95.81, 90.13, 88.6, 87.13, 85.87, 76.39, 78.75, 98.82, 98.9, 98.9, 98.76, 98.8, 98.03, 97.68, 97.65, 98.69, 98.71, 98.72, 98.19, 98.32, 97.87, 97.16, 96.74, 91.99, 93.65, 92.07, 92.96, 86.32, 84.39, 73.16, 65.08, 68.52, 56.8, 58.23, 56.37, 93.98, 93.78, 95.57, 92.6, 86.43, 79.85, 82.89, 97.16, 97.63, 98.26, 97.4, 95.19, 98.72, 98.8, 98.83, 98.57, 98.5, 94.52, 94.59, 98.86, 98.86, 98.64, 97.39, 98.63, 98.35, 97.85, 96.5]"
RLYGFVATL,92.3889,17.6,"[97.02, 98.45, 98.77, 98.35, 96.52, 90.48, 88.99, 87.54, 85.79, 76.95, 79.39, 98.73, 98.8, 98.79, 98.66, 98.69, 97.87, 97.37, 97.66, 98.54, 98.58, 98.63, 98.12, 98.15, 97.72, 96.17, 96.11, 93.39, 94.32, 94.75, 91.28, 97.45, 96.97, 96.86, 92.04, 93.04, 92.05, 92.53, 83.85, 84.85, 77.06, 71.8, 74.59, 64.83, 64.99, 64.54, 93.07, 92.77, 94.06, 89.8, 86.08, 78.69, 81.85, 95.93, 97.0, 97.69, 96.7, 94.82, 98.05, 98.45, 98.53, 98.08, 97.88, 93.78, 94.38, 98.18, 98.28, 97.32, 94.62, 97.88, 97.77, 96.79, 95.96, 94.34]"
RLYGFVATV,92.7519,7.9,"[96.61, 98.33, 98.75, 98.28, 95.72, 88.74, 87.78, 86.48, 84.72, 75.57, 77.94, 98.77, 98.84, 98.84, 98.69, 98.71, 97.73, 97.19, 97.36, 98.4, 98.5, 98.58, 97.98, 97.89, 97.28, 95.45, 95.47, 92.33, 93.33, 93.78, 89.91, 97.2, 96.66, 96.63, 91.56, 93.88, 93.13, 93.76, 85.89, 86.37, 77.7, 71.91, 74.9, 64.71, 64.61, 64.01, 94.8, 94.92, 96.13, 93.0, 89.18, 82.89, 85.05, 97.28, 97.94, 98.35, 97.69, 96.53, 98.76, 98.84, 98.87, 98.7, 98.6, 95.35, 95.39, 98.85, 98.86, 98.66, 97.6, 98.67, 98.39, 97.97, 96.75]"
RLYGFVLTV,89.8355,6.9,"[97.44, 98.42, 98.7, 98.03, 96.62, 91.52, 89.38, 87.06, 84.1, 75.23, 78.14, 98.78, 98.83, 98.81, 98.61, 98.7, 97.69, 97.02, 97.14, 98.36, 98.4, 98.43, 97.53, 97.72, 96.81, 94.65, 94.53, 90.93, 92.11, 92.27, 88.27, 96.65, 95.87, 95.68, 89.28, 92.2, 90.95, 91.8, 83.71, 82.71, 73.08, 66.04, 68.21, 58.41, 58.55, 57.82, 88.74, 89.04, 91.05, 85.98, 79.6, 70.58, 74.67, 90.96, 92.53, 95.45, 94.27, 86.06, 73.8, 65.92, 69.65, 97.23, 98.0, 98.06, 97.3, 97.5, 93.53, 93.68, 98.57, 98.68, 98.37, 97.16, 98.39, 97.97, 97.49, 96.08]"
RLYGFVPTV,93.3091,3.9,"[96.85, 98.34, 98.73, 98.24, 95.89, 88.99, 88.24, 86.96, 85.39, 76.18, 78.74, 98.77, 98.84, 98.83, 98.66, 98.71, 97.75, 97.27, 97.42, 98.41, 98.49, 98.56, 97.94, 97.88, 97.07, 95.13, 95.17, 91.7, 92.8, 93.28, 89.16, 97.42, 96.94, 97.11, 92.97, 95.21, 94.74, 95.29, 89.5, 89.41, 79.09, 73.5, 76.35, 66.55, 66.89, 66.42, 95.68, 95.84, 96.93, 95.27, 91.17, 85.27, 86.78, 97.87, 97.92, 98.4, 98.0, 96.29, 93.0, 96.64, 98.68, 98.82, 98.85, 98.65, 98.59, 96.22, 96.11, 98.81, 98.84, 98.63, 97.52, 98.65, 98.36, 97.93, 96.68]"
RLYGGVATV,96.2132,8.2,"[97.22, 98.5, 98.85, 98.59, 96.22, 88.83, 88.48, 87.26, 86.17, 76.71, 79.16, 98.91, 98.94, 98.94, 98.84, 98.86, 98.01, 97.65, 97.64, 98.84, 98.87, 98.86, 98.58, 98.75, 98.74, 98.34, 98.26, 97.79, 97.89, 98.19, 97.14, 98.19, 97.76, 97.57, 92.49, 96.36, 96.16, 96.73, 91.46, 97.06, 97.02, 97.49, 95.33, 93.47, 87.39, 89.01, 98.04, 98.28, 98.54, 97.88, 97.07, 98.82, 98.88, 98.9, 98.76, 98.69, 96.34, 96.42, 98.87, 98.88, 98.7, 97.64, 98.71, 98.47, 97.96, 96.7]"
RLYGLVATV,94.9080,12.4,"[96.94, 98.43, 98.8, 98.43, 95.98, 88.97, 87.89, 86.42, 84.62, 75.28, 77.72, 98.84, 98.89, 98.89, 98.77, 98.78, 97.88, 97.37, 97.46, 98.68, 98.73, 98.74, 98.25, 98.42, 98.31, 97.31, 97.18, 95.69, 96.06, 96.63, 94.24, 97.71, 97.29, 97.2, 92.32, 96.3, 95.3, 95.34, 88.33, 91.5, 85.55, 81.1, 83.32, 95.5, 95.44, 96.34, 93.43, 90.22, 83.63, 86.07, 97.2, 97.83, 98.28, 97.44, 96.19, 98.73, 98.83, 98.87, 98.69, 98.58, 95.47, 95.45, 98.82, 98.85, 98.65, 97.67, 98.65, 98.37, 97.87, 96.63]"
RLYGMVATV,95.0740,10.1,"[97.13, 98.49, 98.83, 98.5, 96.21, 89.01, 88.1, 87.01, 85.79, 76.41, 78.89, 98.86, 98.91, 98.91, 98.8, 98.81, 97.95, 97.5, 97.59, 98.73, 98.78, 98.8, 98.44, 98.58, 98.56, 97.91, 97.85, 96.88, 97.11, 97.56, 95.92, 97.92, 97.55, 97.5, 93.37, 96.02, 95.82, 95.7, 90.13, 92.54, 87.76, 80.78, 74.51, 95.31, 95.38, 96.55, 93.81, 90.03, 83.8, 85.82, 97.33, 97.95, 98.36, 97.61, 96.51, 98.76, 98.86, 98.89, 98.73, 98.63, 95.62, 95.66, 98.83, 98.86, 98.64, 97.46, 98.64, 98.37, 97.83, 96.52]"
RLYGWVATV,92.0432,5.9,"[96.75, 98.29, 98.71, 98.19, 95.71, 88.37, 87.42, 86.06, 83.97, 74.94, 77.32, 98.71, 98.79, 98.78, 98.55, 98.63, 97.46, 96.74, 96.97, 98.29, 98.33, 98.37, 97.51, 97.6, 96.78, 94.67, 94.67, 91.35, 92.4, 92.88, 88.96, 95.91, 94.94, 95.06, 88.48, 93.45, 93.74, 93.92, 88.09, 88.59, 83.4, 76.22, 83.42, 71.9, 78.18, 72.47, 69.21, 65.61, 64.6, 93.72, 94.51, 96.09, 93.39, 88.88, 82.55, 84.64, 96.97, 97.58, 98.05, 97.06, 95.88, 98.65, 98.76, 98.8, 98.54, 98.42, 94.79, 94.8, 98.74, 98.79, 98.51, 97.18, 98.52, 98.2, 97.67, 96.23]"
RLYPFVATV,90.9497,6.5,"[96.81, 98.16, 98.58, 97.92, 95.94, 90.16, 88.66, 87.28, 85.23, 76.48, 79.23, 98.63, 98.72, 98.6, 98.01, 98.59, 97.59, 96.9, 96.96, 97.32, 97.07, 97.31, 96.21, 95.07, 93.64, 89.73, 90.3, 83.85, 85.38, 85.58, 79.78, 96.02, 94.28, 92.57, 87.33, 91.67, 88.91, 93.1, 92.03, 90.7, 91.67, 85.23, 82.75, 75.91, 68.61, 71.16, 61.73, 61.58, 60.43, 91.2, 91.78, 94.19, 90.46, 83.65, 74.97, 78.61, 96.24, 97.37, 98.05, 97.27, 95.38, 98.62, 98.75, 98.79, 98.57, 98.45, 95.28, 95.18, 98.76, 98.78, 98.48, 97.17, 98.51, 98.16, 97.75, 96.39]"
SLAGFIATV,94.1711,5.1,"[98.32, 98.81, 98.89, 98.74, 98.33, 96.7, 98.93, 98.94, 98.92, 98.8, 98.88, 98.25, 97.85, 97.85, 98.85, 98.84, 98.84, 98.51, 98.6, 98.23, 97.75, 97.54, 93.77, 95.83, 95.31, 96.47, 93.21, 90.0, 78.76, 72.69, 75.51, 63.07, 64.95, 62.9, 96.34, 95.98, 97.08, 96.19, 90.7, 84.65, 83.06, 83.16, 98.32, 98.46, 98.66, 98.17, 97.37, 98.89, 98.92, 98.94, 98.81, 98.76, 95.75, 95.85, 98.92, 98.92, 98.77, 97.83, 98.75, 98.54, 98.09, 96.89]"
SLAGFVATL,91.6013,13.0,"[97.84, 98.64, 98.79, 98.56, 97.91, 96.01, 98.85, 98.87, 98.84, 98.72, 98.8, 98.27, 97.78, 97.95, 98.65, 98.62, 98.64, 98.25, 98.22, 97.83, 97.02, 96.36, 91.29, 93.61, 90.88, 91.22, 84.21, 82.47, 71.2, 63.32, 66.14, 55.21, 56.4, 54.3, 91.67, 90.71, 92.26, 87.56, 82.26, 73.71, 77.35, 95.45, 96.3, 97.41, 96.09, 92.67, 97.98, 98.35, 98.43, 97.88, 97.69, 92.14, 93.07, 98.26, 98.31, 97.41, 94.68, 97.83, 97.67, 96.71, 95.75, 94.01]"
SLAGFVATV,92.7915,6.3,"[98.17, 98.75, 98.85, 98.66, 98.2, 96.48, 98.9, 98.92, 98.89, 98.77, 98.85, 98.19, 97.63, 97.75, 98.74, 98.73, 98.74, 98.29, 98.36, 97.98, 97.29, 96.84, 92.32, 94.68, 92.66, 93.09, 86.75, 85.4, 74.0, 66.0, 69.19, 57.44, 58.79, 56.98, 93.51, 93.32, 95.16, 92.02, 85.74, 78.26, 81.47, 96.98, 97.46, 98.19, 97.35, 94.75, 98.68, 98.78, 98.81, 98.54, 98.45, 94.35, 94.45, 98.86, 98.86, 98.65, 97.47, 98.62, 98.31, 97.73, 96.23]"
SLAGFVLTV,89.3816,5.8,"[98.12, 98.68, 98.77, 98.41, 98.07, 96.06, 98.83, 98.85, 98.81, 98.61, 98.73, 98.01, 97.26, 97.43, 98.53, 98.44, 98.41, 97.58, 97.76, 97.13, 96.03, 95.36, 89.67, 93.26, 90.32, 90.95, 83.94, 81.95, 71.12, 61.89, 65.58, 54.23, 55.65, 54.41, 90.28, 89.2, 90.11, 84.29, 80.36, 71.34, 75.39, 90.09, 91.41, 94.47, 92.26, 83.54, 70.4, 62.3, 64.51, 96.06, 97.19, 97.4, 96.29, 96.08, 89.44, 89.94, 98.47, 98.61, 98.28, 97.13, 98.27, 97.8, 97.16, 95.5]"
SLAGFVPTV,94.5027,3.5,"[98.23, 98.76, 98.85, 98.66, 98.28, 96.67, 98.9, 98.91, 98.89, 98.75, 98.86, 98.3, 97.91, 97.96, 98.77, 98.74, 98.75, 98.34, 98.39, 98.15, 97.63, 97.42, 93.81, 95.95, 94.63, 95.1, 90.43, 89.31, 83.24, 76.64, 79.92, 69.92, 71.46, 71.35, 96.0, 95.4, 95.76, 93.91, 91.38, 84.97, 86.68, 97.17, 96.8, 97.68, 97.25, 94.23, 90.93, 94.92, 98.3, 98.59, 98.68, 98.37, 98.19, 94.14, 94.23, 98.77, 98.81, 98.58, 97.41, 98.58, 98.27, 97.66, 96.13]"
SLAGGVATV,96.0700,8.9,"[98.27, 98.79, 98.88, 98.74, 98.3, 96.65, 98.92, 98.93, 98.91, 98.76, 98.86, 98.28, 97.76, 97.8, 98.77, 98.74, 98.74, 98.27, 98.33, 97.68, 96.63, 95.33, 87.75, 88.77, 88.02, 90.45, 83.06, 91.94, 93.22, 95.65, 93.8, 86.75, 82.94, 85.13, 97.84, 98.28, 98.54, 97.89, 97.16, 98.86, 98.89, 98.91, 98.76, 98.68, 95.54, 95.62, 98.9, 98.89, 98.74, 97.71, 98.69, 98.42, 97.67, 95.97]"
SLAGLVATV,95.3012,9.7,"[98.04, 98.73, 98.85, 98.64, 98.05, 95.86, 98.9, 98.92, 98.9, 98.79, 98.85, 98.23, 97.72, 97.8, 98.75, 98.73, 98.75, 98.37, 98.35, 97.9, 97.17, 96.49, 90.67, 95.48, 94.23, 95.21, 88.63, 87.87, 74.46, 68.26, 70.25, 95.59, 95.56, 96.64, 94.13, 90.45, 84.16, 85.45, 97.87, 98.2, 98.5, 97.84, 96.84, 98.85, 98.89, 98.91, 98.76, 98.65, 95.16, 95.22, 98.89, 98.9, 98.76, 97.87, 98.73, 98.47, 97.88, 96.45]"
SLAGLVLTV,94.4072,7.9,"[98.12, 98.74, 98.85, 98.62, 98.14, 96.02, 98.9, 98.91, 98.9, 98.79, 98.84, 98.23, 97.73, 97.79, 98.73, 98.7, 98.71, 98.3, 98.3, 97.8, 97.01, 96.37, 90.48, 95.33, 93.76, 95.0, 88.6, 87.15, 72.62, 66.35, 68.89, 95.9, 95.92, 96.61, 93.65, 91.22, 84.67, 86.64, 96.58, 97.06, 97.87, 95.96, 94.25, 83.62, 77.9, 81.85, 98.55, 98.73, 98.74, 98.35, 98.45, 95.77, 95.85, 98.84, 98.88, 98.71, 97.83, 98.71, 98.47, 97.95, 96.63]"
SLAGMVATV,93.9978,8.3,"[98.1, 98.71, 98.81, 98.6, 98.12, 96.34, 98.88, 98.89, 98.86, 98.7, 98.82, 98.2, 97.7, 97.84, 98.64, 98.6, 98.63, 98.08, 98.05, 97.02, 95.7, 94.96, 87.91, 94.07, 92.85, 93.11, 85.64, 84.88, 71.33, 61.31, 54.88, 92.46, 92.65, 95.17, 91.41, 83.06, 77.86, 81.99, 97.11, 97.82, 98.29, 97.35, 95.96, 98.78, 98.84, 98.86, 98.66, 98.6, 95.17, 95.22, 98.84, 98.85, 98.66, 97.55, 98.6, 98.3, 97.59, 95.99]"
SLAGWVATV,94.5719,5.2,"[98.29, 98.78, 98.88, 98.69, 98.26, 96.37, 98.89, 98.9, 98.88, 98.72, 98.82, 98.02, 97.5, 97.6, 98.74, 98.72, 98.72, 98.28, 98.38, 97.8, 97.14, 96.85, 92.44, 96.05, 96.52, 97.15, 94.29, 92.35, 87.67, 79.0, 86.94, 73.51, 81.47, 75.65, 74.01, 70.17, 70.55, 95.98, 96.68, 97.59, 96.92, 93.33, 91.49, 93.41, 97.92, 98.23, 98.48, 97.83, 97.05, 98.82, 98.87, 98.89, 98.72, 98.62, 94.86, 94.94, 98.87, 98.87, 98.68, 97.49, 98.64, 98.4, 97.77, 96.25]"
SLAGWVLTV,89.5088,4.5,"[97.96, 98.66, 98.78, 98.47, 97.94, 95.8, 98.79, 98.8, 98.76, 98.56, 98.67, 97.86, 97.01, 97.33, 98.48, 98.38, 98.35, 97.57, 97.7, 96.73, 95.45, 94.65, 88.22, 93.04, 92.48, 92.48, 85.98, 86.67, 80.27, 70.33, 78.72, 66.16, 73.0, 65.71, 63.23, 60.42, 60.7, 89.04, 89.52, 91.85, 87.64, 80.73, 73.91, 78.54, 88.79, 91.14, 94.09, 92.17, 84.25, 72.91, 66.47, 68.41, 95.88, 96.9, 97.18, 96.09, 95.52, 88.76, 89.52, 98.3, 98.54, 98.18, 96.92, 98.13, 97.61, 96.91, 95.08]"
SLAPFVATV,94.8475,5.3,"[98.31, 98.8, 98.89, 98.73, 98.33, 96.52, 98.9, 98.92, 98.9, 98.76, 98.86, 98.24, 97.88, 97.94, 98.81, 98.81, 98.79, 98.5, 98.61, 98.46, 97.93, 97.44, 94.74, 96.98, 94.33, 97.57, 96.76, 96.14, 96.77, 92.72, 91.67, 79.77, 72.7, 77.16, 63.48, 65.74, 63.99, 97.19, 96.73, 97.25, 95.98, 92.75, 90.34, 92.89, 98.14, 98.38, 98.59, 98.03, 97.27, 98.86, 98.9, 98.92, 98.78, 98.71, 95.45, 95.56, 98.89, 98.89, 98.7, 97.54, 98.69, 98.42, 97.94, 96.6]"
SLFGFVATV,94.0119,6.1,"[97.94, 98.69, 98.82, 98.58, 98.11, 96.03, 98.85, 98.88, 98.86, 98.77, 98.8, 97.98, 97.25, 97.59, 98.78, 98.77, 98.75, 98.04, 98.49, 98.25, 97.05, 96.85, 95.05, 95.56, 95.84, 97.73, 97.17, 96.98, 92.34, 94.88, 93.66, 94.05, 87.31, 87.21, 77.42, 72.17, 74.37, 64.29, 64.76, 63.32, 95.05, 95.15, 96.25, 93.26, 89.64, 82.85, 84.75, 97.47, 97.92, 98.33, 97.61, 96.28, 98.75, 98.83, 98.86, 98.65, 98.57, 95.25, 95.25, 98.86, 98.87, 98.68, 97.75, 98.68, 98.42, 97.93, 96.65]"
SLFGFVLTV,93.4003,5.5,"[97.85, 98.69, 98.82, 98.56, 98.03, 95.63, 98.85, 98.89, 98.87, 98.79, 98.81, 98.11, 97.45, 97.66, 98.77, 98.78, 98.75, 98.2, 98.56, 98.42, 97.53, 97.41, 96.13, 96.47, 96.77, 97.55, 96.99, 96.87, 92.01, 94.74, 94.13, 95.24, 89.05, 87.47, 76.45, 70.21, 73.04, 61.9, 62.8, 61.38, 95.67, 95.75, 96.29, 93.05, 90.88, 84.8, 87.44, 95.82, 96.58, 97.58, 96.12, 93.44, 82.64, 79.14, 83.31, 98.35, 98.63, 98.63, 98.2, 98.31, 95.52, 95.68, 98.79, 98.83, 98.6, 97.62, 98.65, 98.37, 97.94, 96.76]"
SLFGGVATV,97.5463,5.7,"[98.16, 98.8, 98.9, 98.77, 98.27, 96.09, 98.94, 98.96, 98.95, 98.88, 98.9, 98.23, 97.76, 97.83, 98.91, 98.92, 98.91, 98.68, 98.85, 98.84, 98.57, 98.53, 98.17, 98.23, 98.42, 98.29, 97.87, 97.55, 92.18, 96.42, 96.22, 96.92, 92.04, 97.21, 97.39, 97.83, 96.17, 94.3, 87.98, 89.28, 98.15, 98.32, 98.57, 97.92, 97.06, 98.83, 98.89, 98.9, 98.75, 98.7, 96.38, 96.46, 98.88, 98.89, 98.69, 97.55, 98.72, 98.48, 97.91, 96.61]"
SLFGLVATV,95.4552,8.6,"[97.8, 98.67, 98.82, 98.58, 97.91, 95.2, 98.87, 98.9, 98.89, 98.8, 98.82, 98.06, 97.36, 97.58, 98.79, 98.79, 98.78, 98.15, 98.54, 98.35, 97.32, 97.17, 95.55, 95.96, 96.22, 97.59, 96.96, 96.58, 90.64, 95.44, 94.05, 94.48, 86.43, 87.9, 79.51, 75.24, 78.08, 94.73, 94.79, 95.86, 92.23, 88.9, 82.12, 84.74, 96.92, 97.62, 98.16, 97.21, 95.55, 98.71, 98.82, 98.85, 98.65, 98.53, 95.18, 95.27, 98.84, 98.87, 98.68, 97.75, 98.67, 98.36, 97.85, 96.49]"
SLFGWVATV,93.6764,4.4,"[97.64, 98.62, 98.78, 98.47, 97.83, 95.14, 98.81, 98.84, 98.82, 98.7, 98.74, 97.85, 96.99, 97.39, 98.73, 98.71, 98.64, 97.62, 98.36, 97.97, 96.5, 96.34, 94.16, 94.81, 95.04, 96.71, 95.65, 95.4, 89.01, 94.6, 94.3, 94.08, 88.61, 89.54, 85.29, 79.41, 85.94, 74.38, 81.05, 76.01, 72.74, 69.68, 69.03, 93.89, 94.66, 96.16, 93.23, 88.95, 82.36, 84.65, 96.82, 97.54, 98.08, 97.1, 95.6, 98.67, 98.77, 98.81, 98.55, 98.44, 94.74, 94.8, 98.78, 98.82, 98.58, 97.42, 98.57, 98.29, 97.77, 96.37]"
SLLGFVATV,94.8572,6.0,"[98.2, 98.79, 98.89, 98.71, 98.26, 96.09, 98.93, 98.95, 98.94, 98.83, 98.89, 98.1, 97.68, 97.75, 98.73, 98.73, 98.76, 98.31, 98.21, 96.22, 94.88, 94.83, 98.17, 97.84, 97.87, 95.14, 96.71, 96.43, 97.26, 94.65, 92.31, 79.99, 73.98, 76.8, 64.15, 65.39, 63.47, 97.45, 97.31, 97.85, 96.28, 93.74, 88.77, 89.3, 98.46, 98.55, 98.71, 98.29, 97.67, 98.9, 98.93, 98.94, 98.82, 98.76, 95.82, 95.88, 98.92, 98.92, 98.78, 97.84, 98.77, 98.55, 98.04, 96.77]"
SLVGFVATV,94.4987,12.5,"[98.2, 98.79, 98.89, 98.72, 98.3, 96.41, 98.91, 98.94, 98.92, 98.84, 98.89, 98.32, 98.03, 98.07, 98.82, 98.83, 98.85, 98.64, 98.39, 97.2, 97.0, 98.32, 97.91, 97.7, 94.43, 96.11, 95.43, 96.18, 92.33, 90.32, 78.58, 71.93, 74.66, 62.34, 63.67, 62.06, 96.76, 96.23, 96.99, 95.02, 91.97, 86.63, 87.96, 98.41, 98.53, 98.68, 98.23, 97.66, 98.9, 98.93, 98.94, 98.82, 98.76, 95.76, 95.85, 98.91, 98.92, 98.76, 97.75, 98.76, 98.52, 98.04, 96.8]"
SLYGFIATV,94.0565,5.5,"[97.8, 98.65, 98.79, 98.53, 97.98, 95.83, 98.87, 98.89, 98.87, 98.75, 98.8, 98.04, 97.42, 97.64, 98.69, 98.67, 98.67, 98.06, 98.18, 97.46, 95.55, 95.35, 92.4, 93.4, 93.87, 90.18, 97.5, 96.93, 96.88, 92.2, 95.2, 94.43, 95.34, 89.52, 88.33, 81.16, 76.25, 79.04, 69.18, 69.36, 68.85, 95.04, 94.4, 95.22, 93.13, 88.37, 83.43, 84.05, 81.95, 97.42, 97.91, 98.27, 97.56, 96.51, 98.76, 98.84, 98.87, 98.69, 98.62, 95.62, 95.74, 98.86, 98.87, 98.68, 97.69, 98.68, 98.43, 97.99, 96.79]"
SLYGFILTV,93.4329,4.9,"[97.81, 98.65, 98.78, 98.46, 97.98, 95.72, 98.86, 98.88, 98.86, 98.74, 98.79, 98.06, 97.43, 97.62, 98.67, 98.66, 98.66, 98.11, 98.23, 97.69, 95.94, 95.73, 93.26, 94.09, 94.62, 91.27, 97.34, 96.76, 96.78, 91.97, 94.98, 94.52, 95.66, 90.21, 88.47, 80.25, 74.63, 77.49, 66.73, 67.16, 66.77, 95.17, 94.58, 95.04, 92.71, 89.53, 83.77, 84.71, 82.65, 95.74, 96.61, 97.53, 96.28, 93.85, 84.0, 80.57, 84.71, 98.44, 98.67, 98.66, 98.31, 98.42, 96.16, 96.3, 98.79, 98.83, 98.58, 97.52, 98.64, 98.37, 97.96, 96.78]"
SLYGFVATL,93.3767,14.5,"[97.75, 98.63, 98.77, 98.52, 98.0, 96.12, 98.83, 98.85, 98.82, 98.74, 98.79, 98.13, 97.53, 97.89, 98.72, 98.71, 98.71, 98.25, 98.35, 97.86, 96.37, 96.24, 93.61, 94.46, 94.88, 91.31, 97.65, 97.14, 96.94, 92.02, 94.02, 92.69, 93.08, 85.05, 85.78, 77.65, 72.82, 75.59, 65.87, 65.99, 65.94, 93.36, 93.01, 94.22, 89.93, 86.37, 78.96, 82.55, 95.9, 96.96, 97.65, 96.68, 94.77, 98.07, 98.47, 98.56, 98.16, 97.91, 93.68, 94.32, 98.24, 98.35, 97.48, 95.01, 97.97, 97.85, 96.93, 96.12, 94.44]"
SLYGFVATV,94.1290,6.7,"[97.65, 98.61, 98.77, 98.49, 97.88, 95.63, 98.83, 98.86, 98.83, 98.73, 98.77, 97.96, 97.28, 97.61, 98.66, 98.65, 98.67, 98.12, 98.15, 97.43, 95.65, 95.61, 92.45, 93.5, 93.93, 89.99, 97.5, 97.0, 96.96, 92.33, 95.17, 94.3, 94.87, 87.98, 88.2, 79.52, 74.59, 77.38, 67.48, 67.49, 67.03, 95.5, 95.56, 96.54, 93.69, 90.27, 83.61, 85.62, 97.39, 97.94, 98.33, 97.69, 96.49, 98.74, 98.83, 98.87, 98.68, 98.58, 95.13, 95.27, 98.85, 98.87, 98.67, 97.66, 98.66, 98.37, 97.89, 96.56]"
SLYGFVLTL,95.9293,12.3,"[97.99, 98.74, 98.85, 98.66, 98.16, 96.06, 98.93, 98.94, 98.94, 98.87, 98.9, 98.39, 98.06, 98.12, 98.87, 98.89, 98.88, 98.7, 98.8, 98.76, 98.41, 98.35, 97.83, 97.94, 98.24, 97.32, 98.1, 97.88, 97.99, 95.44, 97.57, 97.76, 98.11, 96.06, 96.14, 91.22, 84.77, 85.52, 78.84, 78.55, 79.36, 96.62, 96.99, 97.49, 95.53, 94.04, 87.48, 88.29, 97.46, 97.78, 98.19, 97.14, 95.9, 93.29, 91.83, 92.76, 98.38, 98.51, 98.61, 98.07, 97.69, 92.27, 93.12, 98.53, 98.62, 97.86, 94.77, 98.46, 98.45, 97.93, 97.18, 95.76]"
SLYGFVLTV,93.3959,5.9,"[97.75, 98.63, 98.77, 98.46, 97.93, 95.57, 98.83, 98.86, 98.83, 98.73, 98.76, 98.04, 97.4, 97.65, 98.64, 98.63, 98.65, 98.15, 98.18, 97.55, 95.87, 95.82, 92.95, 93.88, 94.32, 90.59, 97.32, 96.76, 96.73, 91.7, 94.72, 94.28, 95.41, 89.12, 87.91, 78.15, 72.43, 75.49, 64.52, 64.97, 64.48, 95.44, 95.56, 96.28, 93.02, 90.33, 84.13, 86.77, 95.6, 96.52, 97.53, 96.29, 93.69, 83.78, 80.45, 84.64, 98.38, 98.64, 98.64, 98.23, 98.38, 95.96, 96.17, 98.78, 98.83, 98.58, 97.57, 98.62, 98.32, 97.89, 96.66]"
SLYGFVPTL,93.7606,5.7,"[97.62, 98.58, 98.73, 98.45, 97.94, 96.08, 98.82, 98.84, 98.81, 98.74, 98.78, 98.13, 97.59, 97.94, 98.69, 98.67, 98.66, 98.12, 98.26, 97.6, 95.98, 95.86, 92.85, 93.81, 94.2, 90.24, 97.74, 97.17, 97.14, 92.97, 95.35, 94.26, 94.46, 87.9, 88.56, 78.81, 73.95, 76.27, 66.81, 67.24, 67.13, 94.97, 94.56, 95.38, 92.73, 89.64, 82.43, 84.92, 96.71, 96.73, 97.54, 96.87, 94.41, 90.21, 94.31, 97.87, 98.42, 98.53, 98.1, 97.95, 94.65, 95.02, 98.09, 98.26, 97.4, 95.0, 97.89, 97.78, 96.78, 95.92, 94.18]"
SLYGFVPTV,94.5406,3.4,"[97.86, 98.66, 98.78, 98.49, 98.05, 96.12, 98.85, 98.87, 98.84, 98.73, 98.79, 97.97, 97.34, 97.65, 98.66, 98.64, 98.66, 98.1, 98.14, 97.23, 95.43, 95.35, 91.85, 92.99, 93.37, 89.16, 97.65, 97.12, 97.2, 93.12, 96.06, 95.35, 95.8, 90.88, 90.63, 80.59, 75.81, 78.23, 69.03, 69.34, 69.16, 96.15, 96.22, 97.11, 95.43, 91.86, 85.57, 87.05, 97.9, 97.97, 98.41, 98.06, 96.48, 93.2, 96.73, 98.71, 98.83, 98.86, 98.67, 98.63, 96.34, 96.29, 98.81, 98.84, 98.61, 97.43, 98.62, 98.32, 97.8, 96.39]"
SLYGFVVTV,94.6289,5.9,"[98.14, 98.75, 98.84, 98.57, 98.26, 96.47, 98.87, 98.89, 98.87, 98.75, 98.8, 97.91, 97.23, 97.49, 98.74, 98.72, 98.74, 98.29, 98.29, 97.97, 96.7, 96.57, 94.45, 95.05, 95.55, 92.46, 97.78, 97.32, 97.27, 93.1, 96.23, 95.56, 95.71, 89.42, 91.3, 83.26, 77.63, 80.08, 70.34, 70.54, 70.53, 95.47, 95.57, 96.41, 93.63, 90.77, 83.98, 85.43, 97.28, 97.75, 98.1, 97.21, 96.19, 90.1, 91.2, 98.71, 98.81, 98.82, 98.57, 98.6, 96.38, 96.37, 98.81, 98.84, 98.6, 97.52, 98.64, 98.35, 97.88, 96.59]"
SLYGGIATV,97.3197,5.5,"[98.21, 98.8, 98.89, 98.77, 98.33, 96.55, 98.94, 98.96, 98.95, 98.88, 98.9, 98.26, 97.86, 97.92, 98.9, 98.9, 98.89, 98.63, 98.8, 98.76, 98.36, 98.28, 97.76, 97.86, 98.16, 97.05, 98.34, 98.02, 97.89, 94.12, 96.99, 96.74, 97.33, 93.47, 97.2, 97.1, 97.55, 96.41, 93.94, 86.15, 87.04, 85.28, 98.11, 98.25, 98.49, 97.8, 97.02, 98.8, 98.86, 98.88, 98.72, 98.67, 96.24, 96.41, 98.86, 98.87, 98.65, 97.51, 98.68, 98.43, 97.86, 96.57]"
SLYGGVATL,97.0731,14.5,"[98.14, 98.78, 98.88, 98.75, 98.28, 96.46, 98.94, 98.95, 98.94, 98.9, 98.91, 98.39, 98.0, 98.1, 98.89, 98.9, 98.89, 98.7, 98.83, 98.81, 98.55, 98.5, 98.12, 98.19, 98.4, 97.57, 98.33, 97.94, 97.67, 93.29, 96.43, 95.98, 96.55, 91.58, 96.13, 96.04, 96.54, 93.66, 91.81, 85.56, 88.35, 96.92, 97.42, 97.94, 96.83, 95.3, 98.25, 98.54, 98.59, 98.23, 98.11, 94.78, 95.6, 98.47, 98.48, 97.67, 95.14, 98.2, 98.06, 97.35, 96.67, 95.35]"
SLYGGVATV,97.3592,6.8,"[98.3, 98.82, 98.9, 98.76, 98.4, 96.71, 98.95, 98.96, 98.95, 98.87, 98.9, 98.23, 97.76, 97.85, 98.91, 98.91, 98.9, 98.63, 98.82, 98.78, 98.42, 98.34, 97.83, 97.92, 98.19, 97.04, 98.21, 97.72, 97.46, 92.39, 96.39, 96.03, 96.66, 91.44, 96.64, 96.78, 97.43, 95.43, 92.85, 85.98, 87.52, 98.02, 98.23, 98.5, 97.82, 96.92, 98.81, 98.87, 98.89, 98.73, 98.67, 96.15, 96.27, 98.86, 98.87, 98.66, 97.54, 98.67, 98.39, 97.76, 96.3]"
SLYGGVLTV,97.1663,5.4,"[98.29, 98.81, 98.9, 98.75, 98.38, 96.43, 98.94, 98.95, 98.95, 98.87, 98.9, 98.27, 97.82, 97.89, 98.9, 98.91, 98.89, 98.68, 98.82, 98.79, 98.45, 98.38, 97.94, 98.03, 98.27, 97.26, 98.21, 97.83, 97.69, 93.37, 96.57, 96.47, 97.33, 93.75, 97.18, 97.57, 97.9, 96.51, 95.15, 88.95, 90.08, 97.38, 97.7, 98.21, 97.24, 96.04, 90.33, 87.13, 89.41, 98.63, 98.75, 98.75, 98.44, 98.51, 96.36, 96.51, 98.81, 98.84, 98.57, 97.42, 98.66, 98.38, 97.88, 96.66]"
SLYGGVPTV,97.1271,3.9,"[98.14, 98.78, 98.88, 98.73, 98.28, 96.37, 98.93, 98.95, 98.94, 98.88, 98.89, 98.29, 97.92, 98.03, 98.89, 98.89, 98.87, 98.56, 98.78, 98.75, 98.38, 98.29, 97.74, 97.86, 98.12, 96.97, 98.09, 97.51, 97.26, 91.86, 96.09, 95.76, 96.45, 91.55, 96.56, 96.51, 96.92, 95.09, 93.09, 87.55, 89.53, 97.49, 97.22, 98.0, 97.56, 94.7, 91.72, 95.33, 98.4, 98.69, 98.77, 98.55, 98.38, 95.62, 95.79, 98.77, 98.82, 98.6, 97.55, 98.64, 98.33, 97.74, 96.41]"
SLYGLIATV,96.8476,7.8,"[98.05, 98.75, 98.86, 98.68, 98.2, 96.11, 98.91, 98.93, 98.92, 98.84, 98.86, 98.18, 97.66, 97.8, 98.84, 98.85, 98.85, 98.54, 98.7, 98.66, 98.09, 98.0, 97.2, 97.36, 97.77, 96.35, 98.06, 97.77, 97.81, 94.56, 97.64, 97.19, 97.14, 93.45, 95.55, 92.24, 88.57, 89.41, 96.9, 96.7, 97.2, 96.02, 93.17, 85.77, 86.72, 85.29, 97.85, 98.12, 98.41, 97.72, 96.84, 98.76, 98.85, 98.88, 98.73, 98.65, 96.02, 96.12, 98.85, 98.87, 98.66, 97.62, 98.69, 98.46, 97.95, 96.77]"
SLYGLVATL,95.7065,25.1,"[98.01, 98.72, 98.84, 98.65, 98.18, 96.35, 98.89, 98.91, 98.9, 98.85, 98.86, 98.3, 97.83, 98.02, 98.82, 98.82, 98.81, 98.49, 98.66, 98.58, 97.97, 97.87, 96.8, 97.04, 97.43, 95.58, 97.94, 97.54, 97.32, 92.9, 95.59, 94.25, 94.38, 88.34, 90.52, 85.2, 81.33, 83.74, 94.33, 94.15, 95.11, 91.47, 88.25, 81.1, 84.86, 96.19, 97.07, 97.72, 96.68, 94.81, 98.08, 98.48, 98.57, 98.2, 97.98, 94.19, 94.79, 98.28, 98.38, 97.49, 94.97, 98.04, 97.95, 97.1, 96.38, 94.78]"
SLYGLVATV,96.6886,10.2,"[98.04, 98.74, 98.86, 98.66, 98.15, 95.89, 98.91, 98.93, 98.92, 98.84, 98.85, 98.15, 97.59, 97.76, 98.84, 98.85, 98.84, 98.47, 98.67, 98.6, 97.98, 97.89, 96.91, 97.12, 97.53, 95.76, 97.93, 97.57, 97.53, 93.5, 97.2, 96.51, 96.45, 91.09, 93.95, 89.11, 84.84, 86.37, 96.53, 96.51, 97.12, 94.9, 92.36, 85.77, 87.74, 97.67, 98.08, 98.41, 97.72, 96.75, 98.78, 98.86, 98.89, 98.75, 98.65, 95.76, 95.83, 98.85, 98.88, 98.69, 97.73, 98.69, 98.44, 97.93, 96.67]"
SLYGLVLTV,94.2081,7.9,"[97.82, 98.64, 98.78, 98.45, 97.9, 95.2, 98.86, 98.88, 98.87, 98.77, 98.78, 98.05, 97.35, 97.53, 98.7, 98.68, 98.69, 98.13, 98.29, 97.86, 96.39, 96.18, 93.93, 94.58, 95.03, 91.79, 97.24, 96.51, 96.28, 90.27, 94.77, 93.39, 94.4, 87.74, 87.49, 77.54, 73.3, 76.85, 94.51, 94.73, 95.55, 91.82, 89.06, 82.4, 85.54, 94.7, 95.86, 97.27, 95.58, 91.95, 79.65, 74.36, 79.08, 98.08, 98.49, 98.52, 98.05, 98.11, 95.04, 95.1, 98.7, 98.79, 98.53, 97.61, 98.58, 98.25, 97.79, 96.54]"
SLYGLVPTV,94.8145,4.7,"[97.74, 98.63, 98.78, 98.47, 97.88, 95.38, 98.87, 98.89, 98.86, 98.76, 98.8, 98.03, 97.35, 97.61, 98.7, 98.66, 98.65, 97.91, 98.14, 97.34, 95.61, 95.39, 92.27, 93.19, 93.45, 89.48, 97.32, 96.46, 96.17, 90.49, 95.23, 93.42, 93.67, 86.67, 87.43, 77.46, 72.63, 75.43, 93.73, 93.94, 95.42, 93.14, 88.43, 81.45, 83.39, 97.11, 97.15, 98.07, 97.61, 94.54, 90.14, 94.48, 98.51, 98.73, 98.8, 98.56, 98.39, 95.25, 95.13, 98.79, 98.84, 98.66, 97.75, 98.65, 98.35, 97.83, 96.51]"
SLYGMVATL,95.1776,20.0,"[97.95, 98.71, 98.83, 98.63, 98.11, 96.06, 98.89, 98.9, 98.89, 98.83, 98.84, 98.25, 97.69, 97.93, 98.79, 98.81, 98.81, 98.52, 98.64, 98.59, 98.05, 97.99, 97.07, 97.28, 97.61, 96.04, 97.89, 97.4, 97.07, 92.32, 94.92, 94.61, 94.83, 89.58, 90.24, 84.35, 76.03, 68.89, 93.26, 93.29, 94.59, 90.89, 87.14, 80.28, 83.56, 95.77, 96.76, 97.55, 96.36, 94.1, 97.79, 98.3, 98.43, 98.0, 97.65, 93.08, 93.99, 98.15, 98.24, 97.13, 93.99, 97.83, 97.75, 96.8, 95.94, 94.26]"
SLYGMVATV,96.4775,8.3,"[98.1, 98.77, 98.87, 98.69, 98.25, 96.28, 98.92, 98.93, 98.92, 98.85, 98.87, 98.2, 97.64, 97.84, 98.85, 98.87, 98.86, 98.56, 98.72, 98.69, 98.19, 98.14, 97.36, 97.52, 97.87, 96.44, 98.05, 97.66, 97.59, 93.66, 96.71, 96.61, 96.7, 92.34, 93.74, 89.0, 81.97, 75.0, 95.98, 96.05, 96.96, 94.62, 91.33, 84.97, 86.66, 97.71, 98.13, 98.46, 97.84, 96.91, 98.8, 98.88, 98.9, 98.76, 98.67, 95.79, 95.91, 98.86, 98.88, 98.69, 97.61, 98.68, 98.42, 97.85, 96.49]"
SLYGMVLTV,95.1187,6.4,"[98.05, 98.73, 98.84, 98.6, 98.17, 95.97, 98.9, 98.91, 98.91, 98.84, 98.84, 98.2, 97.63, 97.79, 98.81, 98.82, 98.82, 98.52, 98.63, 98.52, 97.79, 97.68, 96.55, 96.83, 97.24, 95.31, 97.8, 97.37, 97.28, 92.86, 95.38, 95.67, 96.5, 91.93, 91.19, 83.67, 75.4, 69.52, 95.8, 95.81, 96.29, 93.03, 91.11, 85.26, 87.85, 95.49, 96.36, 97.54, 96.13, 93.08, 81.57, 77.57, 82.23, 98.29, 98.61, 98.62, 98.23, 98.3, 95.62, 95.78, 98.74, 98.81, 98.57, 97.57, 98.61, 98.32, 97.82, 96.59]"
SLYGMVPTV,94.8790,4.3,"[97.86, 98.66, 98.79, 98.53, 98.01, 95.9, 98.86, 98.88, 98.86, 98.76, 98.79, 98.05, 97.43, 97.68, 98.73, 98.7, 98.7, 98.14, 98.28, 97.71, 96.18, 96.05, 93.42, 94.2, 94.65, 91.1, 97.55, 96.85, 96.65, 91.7, 95.14, 94.27, 94.36, 88.8, 88.67, 79.62, 71.24, 65.41, 93.88, 94.01, 95.35, 93.11, 88.76, 81.96, 83.91, 96.95, 96.89, 97.94, 97.5, 94.13, 90.02, 94.28, 98.39, 98.69, 98.78, 98.55, 98.33, 95.01, 94.99, 98.73, 98.81, 98.59, 97.49, 98.58, 98.26, 97.62, 96.2]"
SLYGWIATV,94.0543,4.3,"[97.87, 98.64, 98.77, 98.41, 97.98, 95.8, 98.81, 98.84, 98.81, 98.63, 98.72, 97.74, 96.92, 97.21, 98.62, 98.59, 98.59, 97.89, 98.02, 97.31, 95.28, 95.15, 92.32, 93.2, 93.69, 89.99, 97.07, 96.37, 96.51, 91.48, 96.08, 96.11, 96.22, 92.03, 92.7, 88.47, 83.34, 88.39, 79.08, 84.25, 78.94, 77.12, 72.33, 71.49, 95.27, 94.98, 96.05, 94.4, 89.76, 83.36, 83.81, 80.94, 97.18, 97.64, 98.09, 97.16, 95.87, 98.67, 98.77, 98.8, 98.54, 98.47, 94.99, 94.98, 98.79, 98.81, 98.54, 97.36, 98.56, 98.27, 97.73, 96.34]"
SLYGWVATL,92.5707,10.4,"[97.37, 98.5, 98.69, 98.28, 97.61, 94.96, 98.74, 98.77, 98.74, 98.61, 98.66, 97.87, 97.05, 97.52, 98.58, 98.54, 98.52, 97.82, 98.03, 97.29, 95.6, 95.51, 92.44, 93.44, 93.73, 89.79, 96.78, 95.84, 95.57, 89.26, 94.3, 93.99, 93.49, 86.75, 89.0, 83.99, 77.91, 84.53, 73.48, 79.82, 74.24, 71.23, 66.88, 65.84, 91.83, 92.12, 93.72, 89.34, 85.4, 77.99, 81.58, 95.17, 96.36, 97.14, 95.64, 93.78, 97.75, 98.19, 98.32, 97.72, 97.44, 92.18, 92.99, 97.86, 98.06, 96.91, 93.73, 97.64, 97.49, 96.35, 95.35, 93.48]"
SLYGWVATV,93.6820,5.1,"[97.67, 98.58, 98.73, 98.32, 97.82, 95.42, 98.76, 98.79, 98.75, 98.57, 98.66, 97.64, 96.71, 97.17, 98.56, 98.52, 98.53, 97.81, 97.84, 96.93, 94.91, 94.91, 91.52, 92.6, 92.93, 88.72, 97.02, 96.26, 96.25, 90.78, 95.47, 95.27, 94.96, 89.42, 91.28, 86.65, 81.27, 86.99, 76.74, 82.65, 77.33, 74.71, 70.15, 69.21, 94.1, 94.56, 96.05, 93.11, 88.82, 81.67, 83.9, 96.89, 97.52, 98.05, 97.12, 95.69, 98.64, 98.75, 98.79, 98.52, 98.41, 94.59, 94.62, 98.76, 98.79, 98.53, 97.36, 98.53, 98.19, 97.61, 96.07]"
SLYGWVLTV,93.1669,4.2,"[97.72, 98.58, 98.72, 98.29, 97.86, 95.48, 98.77, 98.8, 98.77, 98.61, 98.68, 97.72, 96.75, 97.13, 98.58, 98.56, 98.55, 97.93, 98.07, 97.43, 95.71, 95.68, 92.91, 93.79, 94.19, 90.66, 96.93, 96.12, 96.07, 90.16, 95.28, 95.18, 95.08, 90.28, 91.55, 86.85, 81.94, 87.76, 77.29, 83.41, 78.92, 76.43, 72.27, 71.37, 93.28, 93.96, 95.28, 91.45, 87.86, 80.58, 83.55, 94.94, 95.97, 97.15, 95.49, 92.71, 82.01, 77.68, 81.52, 98.15, 98.49, 98.49, 97.97, 98.12, 95.25, 95.43, 98.61, 98.69, 98.29, 96.88, 98.39, 98.0, 97.44, 95.89]"
SLYGWVPTV,94.6836,3.0,"[97.8, 98.61, 98.74, 98.37, 97.96, 95.89, 98.78, 98.81, 98.77, 98.61, 98.71, 97.75, 96.94, 97.28, 98.52, 98.47, 98.47, 97.81, 97.83, 96.52, 94.44, 94.47, 90.56, 91.9, 92.15, 87.55, 97.17, 96.46, 96.58, 91.69, 96.07, 95.53, 95.44, 90.98, 92.05, 89.3, 86.43, 91.54, 81.25, 87.43, 85.7, 83.39, 80.53, 80.0, 94.64, 95.23, 96.73, 94.83, 90.0, 83.1, 85.6, 97.17, 97.48, 98.03, 97.53, 95.88, 92.09, 95.91, 98.59, 98.75, 98.8, 98.52, 98.45, 95.73, 95.67, 98.73, 98.79, 98.51, 97.27, 98.53, 98.22, 97.68, 96.19]"
SLYPFVATL,93.5558,11.9,"[97.53, 98.54, 98.71, 98.39, 97.83, 95.63, 98.75, 98.79, 98.72, 98.62, 98.74, 98.11, 97.54, 97.93, 98.5, 98.4, 98.38, 97.76, 97.78, 97.09, 95.34, 95.49, 92.13, 93.11, 93.68, 89.86, 97.91, 96.98, 95.96, 91.79, 95.37, 92.66, 96.38, 94.38, 92.82, 93.39, 86.77, 86.34, 80.56, 75.23, 79.1, 69.2, 69.77, 69.75, 93.36, 92.94, 94.11, 89.77, 86.33, 79.32, 83.35, 95.71, 96.78, 97.54, 96.6, 94.37, 97.88, 98.39, 98.52, 98.14, 97.82, 93.99, 94.56, 98.06, 98.25, 97.27, 94.66, 97.87, 97.79, 96.82, 95.95, 94.16]"
SLYPFVATV,91.9362,5.6,"[97.39, 98.41, 98.54, 97.87, 97.51, 94.61, 98.72, 98.76, 98.62, 98.18, 98.65, 97.8, 96.99, 97.28, 97.89, 97.44, 97.55, 96.35, 95.46, 93.92, 90.37, 90.76, 84.61, 86.12, 86.45, 80.56, 96.28, 94.42, 92.99, 87.82, 91.56, 88.51, 92.92, 93.33, 91.52, 92.08, 85.94, 84.09, 77.32, 70.68, 73.11, 63.78, 63.68, 62.91, 91.4, 91.89, 94.27, 90.51, 83.66, 74.67, 78.63, 96.32, 97.39, 98.05, 97.32, 95.37, 98.64, 98.76, 98.8, 98.59, 98.48, 95.42, 95.37, 98.78, 98.8, 98.53, 97.39, 98.53, 98.17, 97.71, 96.27]"
SLYPFVLTV,93.3689,5.2,"[97.62, 98.58, 98.73, 98.35, 97.82, 95.1, 98.76, 98.81, 98.76, 98.63, 98.72, 98.06, 97.41, 97.68, 98.47, 98.41, 98.37, 97.74, 97.84, 96.93, 95.14, 95.32, 91.89, 92.85, 93.33, 89.5, 97.91, 97.17, 96.46, 92.91, 95.63, 92.85, 96.47, 94.38, 93.51, 94.79, 89.69, 87.05, 79.68, 73.23, 76.9, 65.87, 66.45, 66.21, 95.15, 95.18, 95.99, 92.9, 89.81, 83.64, 86.85, 95.28, 96.32, 97.41, 96.32, 93.37, 83.21, 79.61, 83.93, 98.27, 98.58, 98.59, 98.18, 98.28, 95.72, 95.83, 98.73, 98.8, 98.52, 97.47, 98.58, 98.27, 97.87, 96.66]"
SLYPFVPTV,93.8960,3.1,"[97.72, 98.58, 98.71, 98.33, 97.92, 95.67, 98.75, 98.79, 98.72, 98.52, 98.7, 97.91, 97.24, 97.58, 98.38, 98.25, 98.25, 97.49, 97.37, 96.06, 93.9, 94.1, 89.57, 90.87, 91.43, 86.89, 97.96, 97.08, 96.25, 92.54, 95.42, 92.48, 96.39, 95.39, 94.32, 95.04, 89.58, 88.73, 80.27, 74.93, 77.88, 67.52, 67.84, 67.32, 95.25, 95.14, 96.2, 94.0, 90.15, 82.85, 85.36, 97.36, 97.46, 98.14, 97.72, 95.52, 91.71, 95.6, 98.56, 98.75, 98.8, 98.58, 98.49, 95.9, 95.82, 98.76, 98.8, 98.54, 97.39, 98.57, 98.23, 97.76, 96.36]"
SLYPGVATV,96.9894,5.5,"[98.19, 98.78, 98.87, 98.7, 98.28, 96.18, 98.92, 98.93, 98.92, 98.83, 98.88, 98.24, 97.82, 97.94, 98.82, 98.79, 98.72, 98.16, 98.54, 98.4, 97.66, 97.54, 96.4, 96.64, 97.11, 95.05, 98.33, 97.67, 96.58, 91.06, 96.42, 94.04, 97.53, 95.39, 94.99, 95.84, 89.81, 96.39, 96.25, 96.88, 94.23, 91.92, 85.87, 88.25, 97.65, 98.06, 98.42, 97.75, 96.69, 98.77, 98.86, 98.88, 98.74, 98.65, 96.23, 96.43, 98.84, 98.87, 98.65, 97.58, 98.68, 98.39, 97.86, 96.56]"
SLYPLVATV,96.0566,8.1,"[97.91, 98.68, 98.81, 98.55, 98.03, 95.4, 98.85, 98.88, 98.85, 98.74, 98.8, 98.14, 97.56, 97.76, 98.67, 98.61, 98.57, 97.91, 98.18, 97.83, 96.6, 96.56, 94.33, 94.78, 95.41, 92.42, 98.21, 97.6, 96.97, 93.62, 96.26, 93.28, 96.92, 96.45, 95.38, 95.37, 90.34, 92.26, 87.62, 83.35, 85.69, 95.54, 95.35, 96.24, 93.47, 90.08, 83.03, 85.93, 97.27, 97.86, 98.29, 97.6, 96.34, 98.72, 98.83, 98.87, 98.71, 98.59, 95.72, 95.83, 98.82, 98.85, 98.64, 97.71, 98.65, 98.33, 97.86, 96.57]"
SLYPMVATV,95.5679,6.6,"[97.95, 98.71, 98.82, 98.56, 98.09, 95.63, 98.86, 98.88, 98.85, 98.75, 98.8, 98.14, 97.51, 97.73, 98.66, 98.61, 98.56, 97.96, 98.2, 97.91, 96.76, 96.75, 94.69, 95.14, 95.76, 92.98, 98.22, 97.49, 96.6, 92.78, 96.18, 93.46, 97.14, 95.33, 94.65, 94.77, 90.3, 90.63, 85.84, 79.13, 72.76, 94.08, 94.1, 95.51, 92.44, 88.01, 81.48, 84.39, 97.0, 97.73, 98.2, 97.5, 96.24, 98.7, 98.82, 98.86, 98.7, 98.58, 95.58, 95.72, 98.8, 98.83, 98.59, 97.44, 98.59, 98.25, 97.69, 96.25]"
SLYPWVATV,93.8909,4.3,"[97.52, 98.51, 98.68, 98.26, 97.72, 95.19, 98.68, 98.73, 98.66, 98.41, 98.61, 97.65, 96.82, 97.23, 98.26, 98.16, 98.16, 97.38, 97.16, 96.05, 93.86, 94.23, 90.14, 91.23, 91.83, 87.42, 97.66, 96.67, 95.82, 91.66, 94.65, 91.5, 95.54, 95.93, 95.07, 94.76, 89.69, 91.4, 88.39, 82.84, 89.13, 79.39, 84.42, 80.64, 78.03, 74.25, 73.7, 94.37, 94.46, 95.72, 92.74, 88.78, 81.6, 84.48, 96.71, 97.37, 97.94, 97.01, 95.42, 98.57, 98.71, 98.77, 98.52, 98.37, 94.73, 94.76, 98.7, 98.75, 98.43, 97.21, 98.48, 98.07, 97.55, 96.02]"
