seq #,peptide,start,end,peptide length,allele,peptide index,median binding percentile,consensus percentile,smmpmbec IC50,smmpmbec percentile,smm IC50,smm percentile,ann IC50,ann percentile,comblib_sidney2008 score,comblib_sidney2008 percentile,mhcflurry IC50,mhcflurry percentile
161,FLFDGIYVL,1,9,9,HLA-A*02:01,161,0.1,0.1,0.8819216417064257,0.1,0.9774847712090936,0.1,2.18,0.01,9.54992586021435e-07,0.2,10.22,0.02
160,FLFDGIHVL,1,9,9,HLA-A*02:01,160,0.1,0.1,1.9383401872470687,0.1,2.0328718403778665,0.1,2.48,0.01,3.8904514499e-06,0.3,10.35,0.02
20,YLFDLVHTL,1,9,9,HLA-A*02:01,20,0.1,0.1,1.7841443952635248,0.1,1.8243577250848269,0.1,2.76,0.02,3.71535229097e-05,2.1,9.73,0.01
94,FLFDGFHTL,1,9,9,HLA-A*02:01,94,0.1,0.2,2.0203657612611,0.1,2.0564113868697573,0.2,2.35,0.01,1.09647819614e-05,0.8,9.34,0.01
28,FLFDDTHTL,1,9,9,HLA-A*02:01,28,0.2,0.2,2.7953101405065857,0.2,2.8321092339383624,0.2,2.86,0.02,3.6307805477e-06,0.3,9.63,0.01
134,FLFDGGIHL,1,9,9,HLA-A*02:01,134,0.2,0.2,6.55284657913152,0.2,6.872424857450956,0.2,3.4,0.02,5.0118723362e-06,0.4,11.27,0.06
29,FLDDDTHTL,1,9,9,HLA-A*02:01,29,0.2,0.2,5.86718794100655,0.2,5.689970306428377,0.2,4.63,0.02,5.3703179637e-06,0.4,16.7,0.26
136,FLFDDGIHL,1,9,9,HLA-A*02:01,136,0.2,0.2,7.1520410750243935,0.2,7.432073568591361,0.2,3.93,0.02,7.2443596007e-06,0.5,11.82,0.08
87,FLFDGGFTL,1,9,9,HLA-A*02:01,87,0.2,0.2,2.7004118182855263,0.2,2.819096873993528,0.2,2.4,0.01,7.7624711662e-06,0.5,10.08,0.01
55,FLDDGGHFL,1,9,9,HLA-A*02:01,55,0.2,0.2,7.318633512576577,0.2,7.330101696403598,0.2,4.07,0.02,8.1283051616e-06,0.5,19.19,0.41
148,FLFDGFHHL,1,9,9,HLA-A*02:01,148,0.2,0.2,2.0913657915965773,0.2,2.138503670446364,0.2,2.37,0.01,1.41253754462e-05,0.9,9.36,0.01
38,FLFDGHHTL,1,9,9,HLA-A*02:01,38,0.2,0.2,6.115472252437344,0.2,5.7824248863809045,0.2,3.52,0.02,1.54881661891e-05,1.0,9.83,0.01
108,FLFDIGHTL,1,9,9,HLA-A*02:01,108,0.2,0.2,5.577376982003158,0.2,5.6768837378720205,0.2,3.9,0.02,1.65958690743e-05,1.0,10.31,0.02
158,FLFDFGHVL,1,9,9,HLA-A*02:01,158,0.2,0.2,5.641959963656473,0.2,5.930755223120654,0.2,4.38,0.02,1.69824365246e-05,1.1,10.79,0.03
37,FLFDGGHTL,1,9,9,HLA-A*02:01,37,0.2,0.2,7.135591837013354,0.2,7.146773197408145,0.2,3.37,0.02,1.77827941003e-05,1.1,10.49,0.03
39,FLLDGHHTL,1,9,9,HLA-A*02:01,39,0.2,0.2,7.734460039608795,0.2,7.196312262571531,0.2,4.34,0.02,1.77827941003e-05,1.1,10.47,0.03
93,FLFDLGHTL,1,9,9,HLA-A*02:01,93,0.2,0.2,6.186286083662119,0.2,6.181729538524035,0.2,4.37,0.02,1.8197008586e-05,1.1,10.38,0.02
25,YLFDGTHTL,1,9,9,HLA-A*02:01,25,0.2,0.2,2.960942679357451,0.2,2.999922256158209,0.2,2.42,0.01,1.94984459975e-05,1.2,9.35,0.01
50,FLFDGKHTL,1,9,9,HLA-A*02:01,50,0.2,0.2,8.900819621856987,0.3,8.358146902125965,0.2,4.75,0.02,2.05116217882e-05,1.2,10.19,0.02
150,FLDDGFHHL,1,9,9,HLA-A*02:01,150,0.2,0.2,4.38965107122794,0.2,4.296452354031178,0.2,3.99,0.02,2.08929613085e-05,1.3,14.3,0.17
140,FLFDGGMHL,1,9,9,HLA-A*02:01,140,0.2,0.2,7.201616655370959,0.2,7.587697351995156,0.2,3.1,0.02,2.23872113856e-05,1.4,11.21,0.05
60,FLFDGGHHL,1,9,9,HLA-A*02:01,60,0.2,0.2,7.386351994705445,0.2,7.4320735685913535,0.2,3.43,0.02,2.29086765276e-05,1.4,10.48,0.03
35,FLFDDGHTL,1,9,9,HLA-A*02:01,35,0.2,0.2,7.788072755350869,0.2,7.728763177903294,0.2,4.45,0.02,2.57039578276e-05,1.5,11.05,0.03
27,YLFDDTHTL,1,9,9,HLA-A*02:01,27,0.2,0.2,3.2316922741633776,0.2,3.2442177790637974,0.2,2.96,0.02,2.81838293126e-05,1.7,9.67,0.01
24,YLDDGTHTL,1,9,9,HLA-A*02:01,24,0.2,0.2,6.214840682826455,0.2,6.027122243232423,0.2,3.98,0.02,2.88403150312e-05,1.7,15.41,0.2
15,YLYDDVHTL,1,9,9,HLA-A*02:01,15,0.2,0.2,2.6880045530014987,0.2,2.7359616148413224,0.2,2.94,0.02,2.95120922666e-05,1.7,9.99,0.01
18,YLFSGVHTL,1,9,9,HLA-A*02:01,18,0.2,0.2,4.671216539888096,0.2,4.519704069138835,0.2,2.87,0.02,2.95120922666e-05,1.7,9.86,0.01
44,FLFEGGHTL,1,9,9,HLA-A*02:01,44,0.2,0.2,8.006265723495437,0.2,7.927020840957458,0.2,3.67,0.02,3.23593656929e-05,1.9,10.47,0.03
138,FLFDDGMHL,1,9,9,HLA-A*02:01,138,0.2,0.2,7.8601349053130525,0.2,8.205593528621028,0.2,3.58,0.02,3.23593656929e-05,1.9,11.86,0.08
63,FLFDDGHHL,1,9,9,HLA-A*02:01,63,0.2,0.2,8.06176250623026,0.2,8.037296685618719,0.2,4.38,0.02,3.31131121482e-05,1.9,11.11,0.04
32,FMDDDTHTL,1,9,9,HLA-A*02:01,32,0.2,0.2,5.894269650066169,0.2,5.663827267588125,0.2,5.91,0.03,3.46736850452e-05,2.0,16.26,0.24
7,YLFDGVHTL,1,9,9,HLA-A*02:01,7,0.2,0.2,2.0579271651399558,0.2,2.1091623001082955,0.2,2.29,0.01,3.6307805477e-05,2.1,9.47,0.01
9,YLFDDVHTL,1,9,9,HLA-A*02:01,9,0.2,0.2,2.2461047175073885,0.2,2.280919720134761,0.2,2.65,0.02,5.24807460249e-05,3.0,10.03,0.01
6,YLDDGVHTL,1,9,9,HLA-A*02:01,6,0.2,0.2,4.319465404504547,0.2,4.2375028177728735,0.2,3.19,0.02,5.3703179637e-05,3.1,15.16,0.2
10,YLDDDVHTL,1,9,9,HLA-A*02:01,10,0.2,0.2,4.714438774371205,0.2,4.582579415860263,0.2,3.9,0.02,7.76247116628e-05,4.5,16.5,0.25
19,YLFGGVHTL,1,9,9,HLA-A*02:01,19,0.2,0.2,4.73619963503404,0.2,4.582579415860263,0.2,3.02,0.02,8.51138038202e-05,4.9,9.83,0.01
72,FMFDGGHTL,1,9,9,HLA-A*02:01,72,0.2,0.2,7.16852823244524,0.2,7.113936757282758,0.2,3.47,0.02,0.0001148153621496,6.3,10.27,0.02
142,FMFDGGMHL,1,9,9,HLA-A*02:01,142,0.2,0.2,7.234857807517552,0.2,7.55283504939981,0.2,2.98,0.02,0.0001445439770745,7.8,10.83,0.03
132,FMFDGGHHL,1,9,9,HLA-A*02:01,132,0.2,0.2,7.420445846435415,0.2,7.397926292330924,0.2,3.53,0.02,0.0001479108388168,8.0,10.32,0.02
1,YILGFVFTL,1,9,9,HLA-A*02:01,1,0.2,0.2,7.541018391957775,0.2,7.927020840957466,0.2,4.33,0.02,0.0003334264127632,17.0,11.11,0.04
16,YMFDDVHTL,1,9,9,HLA-A*02:01,16,0.2,0.2,2.256472265826718,0.2,2.2704398459660693,0.2,2.77,0.02,0.0003388441561392,17.0,9.81,0.01
21,YMDDGVHTL,1,9,9,HLA-A*02:01,21,0.2,0.2,4.339403150926525,0.2,4.218033260853472,0.2,3.69,0.02,0.0003467368504525,17.0,15.01,0.2
135,FLADGGIHL,1,9,9,HLA-A*02:01,135,0.3,0.3,12.286551348079977,0.3,12.448298677816489,0.3,6.1,0.04,7.9432823472e-06,0.5,13.35,0.14
81,FLFDGGLGL,1,9,9,HLA-A*02:01,81,0.3,0.3,8.422286292814897,0.3,8.752054230019285,0.3,3.25,0.02,1.41253754462e-05,0.9,12.01,0.09
80,FLFDGGLTL,1,9,9,HLA-A*02:01,80,0.3,0.3,8.61846654241974,0.3,8.894263671190544,0.3,3.45,0.02,1.73780082874e-05,1.1,11.56,0.08
84,FLFDGGLVL,1,9,9,HLA-A*02:01,84,0.3,0.3,11.026304964878952,0.3,11.564051044288629,0.3,4.71,0.02,1.86208713666e-05,1.1,14.76,0.2
155,FLFDGGHVL,1,9,9,HLA-A*02:01,155,0.3,0.3,9.129142790373937,0.3,9.292017092373785,0.3,4.29,0.02,1.90546071796e-05,1.1,12.5,0.1
67,FLFDNGHHL,1,9,9,HLA-A*02:01,67,0.3,0.3,10.481658355929994,0.3,10.546539899256256,0.3,4.57,0.02,1.99526231496e-05,1.2,10.44,0.03
73,FLLDGGHTL,1,9,9,HLA-A*02:01,73,0.3,0.3,9.024642356989249,0.3,8.894263671190544,0.3,3.99,0.02,2.04173794466e-05,1.2,11.36,0.06
82,FLFDGGLKL,1,9,9,HLA-A*02:01,82,0.3,0.3,13.785737352274394,0.3,13.77558338692945,0.3,4.02,0.02,2.04173794466e-05,1.2,12.1,0.09
69,FLFDGGHKL,1,9,9,HLA-A*02:01,69,0.3,0.3,11.41379321181201,0.3,11.069041099744029,0.3,4.25,0.02,2.08929613085e-05,1.3,10.95,0.03
83,FLFDGGLQL,1,9,9,HLA-A*02:01,83,0.3,0.3,11.78772512250086,0.3,12.249264146803045,0.3,3.91,0.02,2.08929613085e-05,1.3,11.87,0.08
52,FLFDEGHTL,1,9,9,HLA-A*02:01,52,0.3,0.3,12.836008617833732,0.3,12.915463606824389,0.3,4.91,0.02,2.1379620895e-05,1.3,11.06,0.03
98,FLDDFGHTL,1,9,9,HLA-A*02:01,98,0.3,0.3,9.25614181717606,0.3,9.164525838342827,0.3,4.11,0.02,2.34422881531e-05,1.4,15.88,0.22
59,FLLDGGHHL,1,9,9,HLA-A*02:01,59,0.3,0.3,9.341787842920024,0.3,9.249324151871845,0.3,4.47,0.02,2.63026799189e-05,1.5,11.18,0.05
131,FLFDGKHHL,1,9,9,HLA-A*02:01,131,0.3,0.3,9.213613708591051,0.3,8.691805512482468,0.3,4.69,0.02,2.64240875732e-05,1.6,10.52,0.03
62,FLFDEGHHL,1,9,9,HLA-A*02:01,62,0.3,0.3,13.287093772179128,0.3,13.431051055767997,0.3,4.71,0.02,2.75422870333e-05,1.6,11.11,0.04
146,FLFDGFKHL,1,9,9,HLA-A*02:01,146,0.3,0.3,12.954778743253874,0.3,13.369340981636414,0.3,4.98,0.02,2.81190083039e-05,1.7,10.9,0.03
115,FLFDKGHHL,1,9,9,HLA-A*02:01,115,0.3,0.3,11.760614107041828,0.3,11.644209216712987,0.3,4.83,0.02,2.81838293126e-05,1.7,10.62,0.03
34,FLFDDKHTL,1,9,9,HLA-A*02:01,34,0.3,0.3,9.71471356274928,0.3,9.038783829894706,0.3,7.02,0.05,2.96483138952e-05,1.7,11.02,0.03
47,FLLEGGHTL,1,9,9,HLA-A*02:01,47,0.3,0.3,10.1258152680171,0.3,9.865293264387864,0.3,4.2,0.02,3.71535229097e-05,2.1,11.47,0.07
79,FMFDGGLTL,1,9,9,HLA-A*02:01,79,0.3,0.3,8.65824757650092,0.3,8.853398241655942,0.3,3.16,0.02,0.0001122018454301,6.2,11.17,0.05
5,YLDGGVHTL,1,9,9,HLA-A*02:01,5,0.3,0.3,9.94099831077614,0.3,9.206827367613556,0.3,4.31,0.02,0.0001258925411794,6.9,16.15,0.23
13,YLDGDVHTL,1,9,9,HLA-A*02:01,13,0.3,0.3,10.850006540950028,0.3,9.956575699076318,0.3,5.45,0.03,0.0001819700858609,9.7,17.43,0.32
2,YILGGVFTL,1,9,9,HLA-A*02:01,2,0.3,0.3,12.201971323526092,0.3,12.41966838533972,0.3,3.93,0.02,0.000374110588272,18.0,11.11,0.04
12,YLDKDVHTL,1,9,9,HLA-A*02:01,12,0.32,0.3,15.467851715411769,0.4,13.87107116920806,0.3,7.93,0.06,0.0002691534803926,14.0,17.26,0.32
76,FLFDGGQTL,1,9,9,HLA-A*02:01,76,0.4,0.4,17.556178992207933,0.4,17.91059443934646,0.4,4.44,0.02,7.7624711662e-06,0.5,12.72,0.11
137,FLDDDGIHL,1,9,9,HLA-A*02:01,137,0.4,0.4,15.011704261682352,0.4,14.9317255894362,0.4,9.16,0.07,1.07151930523e-05,0.7,27.18,0.89
77,FLFDGGNTL,1,9,9,HLA-A*02:01,77,0.4,0.4,15.32604159849437,0.4,15.852946719614916,0.4,4.6,0.02,1.62181009735e-05,1.0,13.14,0.13
85,FLFDGGNVL,1,9,9,HLA-A*02:01,85,0.4,0.4,19.607851087854197,0.4,20.611519047025958,0.4,6.44,0.04,1.73780082874e-05,1.1,18.71,0.37
110,FLDDGGHTI,1,9,9,HLA-A*02:01,110,0.4,0.4,18.257024568901517,0.4,17.91059443934648,0.4,7.33,0.06,1.86208713666e-05,1.1,22.05,0.61
53,FLDDGGHTL,1,9,9,HLA-A*02:01,53,0.4,0.4,14.977178299965797,0.4,14.358530664257415,0.4,6.47,0.04,2.63026799189e-05,1.5,20.35,0.49
89,FLDDGKHTL,1,9,9,HLA-A*02:01,89,0.4,0.4,18.68228530125449,0.4,16.792292867789193,0.4,10.69,0.09,3.03389118419e-05,1.7,18.97,0.4
144,FLDDGGMHL,1,9,9,HLA-A*02:01,144,0.4,0.4,15.115760424525556,0.4,15.24438821414376,0.4,7.2,0.05,3.31131121482e-05,1.9,24.1,0.71
116,FLFDPGHHL,1,9,9,HLA-A*02:01,116,0.4,0.4,18.85515035879909,0.4,18.20161818752297,0.4,6.47,0.04,3.31131121482e-05,1.9,11.85,0.08
57,FLDDGGHHL,1,9,9,HLA-A*02:01,57,0.4,0.4,15.503508796169434,0.4,14.9317255894362,0.4,8.76,0.07,3.38844156139e-05,2.0,20.22,0.48
103,FLDDDGHTL,1,9,9,HLA-A*02:01,103,0.4,0.4,16.34669652276768,0.4,15.527802551080498,0.4,8.7,0.07,3.8018939632e-05,2.2,22.78,0.63
43,FLFGGGHTL,1,9,9,HLA-A*02:01,43,0.4,0.4,16.422149445661354,0.4,15.527802551080498,0.4,5.74,0.03,4.1686938347e-05,2.4,10.92,0.03
45,FLDEGGHTL,1,9,9,HLA-A*02:01,45,0.4,0.4,16.804670445932526,0.4,15.92612059696724,0.4,5.91,0.03,4.78630092322e-05,2.8,19.21,0.41
113,FIFDGGHFL,1,9,9,HLA-A*02:01,113,0.4,0.4,18.768518812126214,0.4,20.14234359319341,0.4,4.51,0.02,4.81947797625e-05,2.8,11.12,0.04
65,FLDDDGHHL,1,9,9,HLA-A*02:01,65,0.4,0.4,16.921154856627417,0.4,16.147675003880515,0.4,10.77,0.09,4.89778819368e-05,2.8,23.12,0.64
105,FLFGDGHTL,1,9,9,HLA-A*02:01,105,0.4,0.4,17.92379631618438,0.4,16.79229286778918,0.4,8.17,0.06,6.02559586074e-05,3.5,11.68,0.08
97,MLFDGGHTL,1,9,9,HLA-A*02:01,97,0.4,0.4,16.612308974016603,0.4,16.715139290350763,0.4,4.83,0.02,0.0001,5.7,11.25,0.06
78,FMFDGGNTL,1,9,9,HLA-A*02:01,78,0.4,0.4,15.396783392310988,0.4,15.780109045689796,0.4,4.59,0.02,0.000104712854805,5.9,12.73,0.11
143,MLFDGGMHL,1,9,9,HLA-A*02:01,143,0.4,0.4,16.766020776423844,0.4,17.746389122523258,0.4,4.47,0.02,0.0001258925411794,6.9,12.28,0.09
90,FMDDGGHTL,1,9,9,HLA-A*02:01,90,0.4,0.4,15.046309813960578,0.4,14.292559208409829,0.4,7.89,0.06,0.0001698243652461,9.1,19.98,0.48
122,FMFDPGHHL,1,9,9,HLA-A*02:01,122,0.4,0.4,18.94218177852293,0.4,18.117989348424462,0.4,6.74,0.05,0.0002137962089502,12.0,11.41,0.07
130,FMDDGGHHL,1,9,9,HLA-A*02:01,130,0.4,0.4,15.575069741351816,0.4,14.863120542131194,0.4,10.59,0.09,0.0002187761623949,13.0,19.75,0.47
3,YIDGGVFTL,1,9,9,HLA-A*02:01,3,0.4,0.4,20.25023185345245,0.4,20.049797930820557,0.4,5.76,0.03,0.0004819477976251,22.0,22.11,0.62
86,FLLDGGNVL,1,9,9,HLA-A*02:01,86,0.5,0.5,24.798761966610968,0.5,25.651336624828023,0.5,8.69,0.07,1.99526231496e-05,1.2,25.03,0.76
30,LLDDDTHTL,1,9,9,HLA-A*02:01,30,0.5,0.5,25.25980537359393,0.5,24.553307338073683,0.5,13.49,0.12,4.7424198526e-05,2.8,22.59,0.63
128,FLDDQGHHL,1,9,9,HLA-A*02:01,128,0.5,0.5,24.234273227395544,0.5,22.341380233932107,0.5,12.56,0.11,5.01187233627e-05,2.9,21.14,0.56
152,FLQDGGHHL,1,9,9,HLA-A*02:01,152,0.5,0.5,28.08212705878237,0.5,27.549263947466507,0.5,14.31,0.13,6.16595001861e-05,3.6,15.14,0.2
154,FLFKGGHHL,1,9,9,HLA-A*02:01,154,0.5,0.5,24.234273227395544,0.5,22.49624328340597,0.5,8.95,0.07,7.94328234724e-05,4.6,11.09,0.04
126,FLFKDGHHL,1,9,9,HLA-A*02:01,126,0.5,0.5,26.45026332489968,0.5,24.32820126333341,0.5,13.31,0.12,0.0001148153621496,6.3,11.7,0.08
133,FLFDGGGHL,1,9,9,HLA-A*02:01,133,0.6,0.6,30.09054127562065,0.6,31.850041313047434,0.6,10.32,0.09,3.23593656929e-05,1.9,14.99,0.2
91,FLDDPGHTL,1,9,9,HLA-A*02:01,91,0.6,0.6,38.23226255651245,0.7,35.16494965673344,0.6,16.05,0.15,3.8018939632e-05,2.2,20.28,0.49
99,FLDGGGHTL,1,9,9,HLA-A*02:01,99,0.6,0.6,34.469104446324565,0.6,31.196796500983297,0.6,11.92,0.1,6.16595001861e-05,3.6,22.85,0.63
127,FLFRGGHHL,1,9,9,HLA-A*02:01,127,0.6,0.6,35.029182338000794,0.6,31.26871254418584,0.6,10.77,0.09,0.0001096478196143,6.2,11.53,0.08
74,FLDDGGQTL,1,9,9,HLA-A*02:01,74,0.7,0.7,36.84936429077868,0.7,35.98404655764086,0.7,10.76,0.09,1.14815362149e-05,0.8,26.61,0.85
118,FLDDPGHHL,1,9,9,HLA-A*02:01,118,0.7,0.7,39.57582709980182,0.7,36.568740278400746,0.7,20.66,0.19,4.89778819368e-05,2.8,20.39,0.5
112,FIDDGGHFL,1,9,9,HLA-A*02:01,112,0.7,0.7,39.39399269131012,0.7,40.467837742180336,0.7,14.15,0.13,7.12853030126e-05,4.1,26.58,0.85
107,FIFDGGHTL,1,9,9,HLA-A*02:01,107,0.7,0.7,38.40873466234184,0.7,39.45572245945444,0.7,8.37,0.06,0.0001559552502826,8.4,12.41,0.1
114,FIFDGGHHL,1,9,9,HLA-A*02:01,114,0.7,0.7,39.75850081778851,0.7,41.03080144294118,0.7,9.27,0.08,0.0002009092812608,12.0,12.63,0.1
123,FMDDPGHHL,1,9,9,HLA-A*02:01,123,0.7,0.7,39.75850081778855,0.7,36.40072217884104,0.7,23.57,0.21,0.0003162277660168,16.0,19.94,0.48
145,FLFDGGKHL,1,9,9,HLA-A*02:01,145,0.8,0.8,45.75409820495868,0.8,46.4632944578326,0.8,12.38,0.1,4.56036915951e-05,2.6,15.92,0.23
100,FLDQGGHTL,1,9,9,HLA-A*02:01,100,0.8,0.8,53.756378109469104,1.0,47.87513371934256,0.8,18.96,0.18,5.6234132519e-05,3.3,22.58,0.63
156,FIFDGGHVL,1,9,9,HLA-A*02:01,156,0.8,0.9,49.13941704334719,0.8,51.29913002110747,0.9,13.92,0.12,0.000167109061431,8.9,17.38,0.32
102,FLDQDGHTL,1,9,9,HLA-A*02:01,102,0.9,0.9,58.67187941006551,1.1,51.77379502702575,0.9,28.24,0.25,8.12830516164e-05,4.7,25.03,0.76
4,YIDGGVHTL,1,9,9,HLA-A*02:01,4,0.9,0.9,53.50938998736261,1.0,50.82881677012088,0.9,15.08,0.14,0.001104078619902,36.0,20.28,0.49
51,FVFDGGHTL,1,9,9,HLA-A*02:01,51,1.2,1.2,59.62522075874623,1.2,61.39174811705944,1.2,15.35,0.14,0.0001419057521689,7.7,13.27,0.13
96,HLFDGGHTL,1,9,9,HLA-A*02:01,96,1.3,1.3,67.67527044802644,1.3,70.32504196605635,1.3,20.23,0.19,0.0001758733354135,9.4,14.9,0.2
125,FLFDPGGHL,1,9,9,HLA-A*02:01,125,1.4,1.4,76.81216391205888,1.4,78.00276543102099,1.4,31.35,0.28,4.67735141287e-05,2.7,18.53,0.36
95,FLEDGGHTL,1,9,9,HLA-A*02:01,95,1.4,1.4,73.86351994705453,1.4,80.3729668561871,1.4,26.76,0.24,6.9662651411e-05,4.0,26.06,0.82
111,FIDDGGHTL,1,9,9,HLA-A*02:01,111,1.4,1.4,80.6176250623026,1.4,79.27020840957466,1.4,33.06,0.29,0.000230674718872,13.0,27.21,0.89
8,YFFDGVHTL,1,9,9,HLA-A*02:01,8,1.4,1.4,72.68252393851067,1.3,77.28763177903302,1.4,69.42,0.63,0.0003596665093461,18.0,37.78,1.4
17,YFFDDVHTL,1,9,9,HLA-A*02:01,17,1.4,1.4,79.32863838139285,1.4,83.58146902125972,1.4,138.26,1.2,0.0005198762768142,23.0,46.4,1.7
120,FLDNPGHHL,1,9,9,HLA-A*02:01,120,1.5,1.5,103.61675804891355,1.7,91.2241866694449,1.5,49.62,0.45,6.02559586074e-05,3.5,23.44,0.65
121,FLDHPGHHL,1,9,9,HLA-A*02:01,121,1.6,1.6,114.13793211812003,1.8,97.07558133748154,1.6,60.7,0.54,0.0002691534803926,14.0,20.64,0.53
157,QLFDGGHVL,1,9,9,HLA-A*02:01,157,1.7,1.7,111.53983558875488,1.8,106.9325688398209,1.7,47.39,0.43,0.0001823895702319,9.7,26.67,0.85
26,YFFDGTHTL,1,9,9,HLA-A*02:01,26,1.7,1.8,104.57551210677563,1.7,109.92842356786709,1.8,77.84,0.7,0.0001931523516083,12.0,38.48,1.5
149,FYFDGFHHL,1,9,9,HLA-A*02:01,149,1.8,2.5,105.78643946592126,1.7,107.92200371718286,1.8,411.27,2.5,0.0001387394600603,7.6,45.53,1.7
22,YFDDGVHTL,1,9,9,HLA-A*02:01,22,2.4,2.5,152.55624833696152,2.3,155.2780255108052,2.3,403.55,2.5,0.000531985750917,23.0,72.22,2.4
40,FFFDGHHTL,1,9,9,HLA-A*02:01,40,2.9,2.9,215.9881874890584,2.9,211.88977509486952,2.9,336.08,2.2,0.0001534263664859,8.2,68.13,2.3
31,FFDDDTHTL,1,9,9,HLA-A*02:01,31,2.9,3.1,207.21920347698403,2.8,208.5018918905798,2.8,698.52,3.4,5.31985750917e-05,3.1,97.0,2.9
11,YFDDDVHTL,1,9,9,HLA-A*02:01,11,2.9,3.4,166.50604301225346,2.4,167.92292867789203,2.4,682.36,3.4,0.0007689533618456,30.0,103.41,2.9
23,YYDDGVHTL,1,9,9,HLA-A*02:01,23,3.0,6.3,218.4892128267658,2.9,213.8503670446364,2.9,1937.72,6.3,0.0005274727156616,23.0,111.34,3.0
106,FLFDGGHTR,1,9,9,HLA-A*02:01,106,3.2,2.9,247.4172639680804,3.2,216.32663758829224,2.9,998.53,4.3,2.68163706676e-05,1.6,124.97,3.2
61,FLFDGGHHR,1,9,9,HLA-A*02:01,61,3.3,3.0,256.112042697794,3.3,224.9624328340596,3.0,1360.58,5.1,3.45461774905e-05,2.0,156.84,3.6
49,FFFDGGHTL,1,9,9,HLA-A*02:01,49,3.3,3.3,252.01709433379912,3.3,261.8846237016383,3.3,445.73,2.6,0.0001761570383139,9.4,73.97,2.5
68,FFFDGGHHL,1,9,9,HLA-A*02:01,68,3.3,3.4,260.8735210689212,3.3,272.3391013078887,3.4,576.26,3.1,0.0002269342256355,13.0,65.43,2.2
56,FFDDGGHFL,1,9,9,HLA-A*02:01,56,3.4,4.1,258.4818182517444,3.3,268.6024687552099,3.4,956.02,4.1,8.05193017308e-05,4.6,131.61,3.3
75,FQDDGGQTL,1,9,9,HLA-A*02:01,75,3.5,3.5,292.70490487806217,3.6,278.6826938924001,3.5,148.53,1.3,8.31763771102e-05,4.8,59.28,2.1
48,FFFEGGHTL,1,9,9,HLA-A*02:01,48,3.5,3.6,282.76783064208126,3.5,290.47582911432806,3.6,465.5,2.7,0.00032055311387,16.0,89.56,2.8
36,FFFDDGHTL,1,9,9,HLA-A*02:01,36,3.5,4.0,275.0616222305199,3.4,283.21092339383625,3.5,910.83,4.0,0.0002546243890757,14.0,102.6,2.9
64,FFFDDGHHL,1,9,9,HLA-A*02:01,64,3.6,4.4,284.72788360603533,3.5,294.5167504203194,3.6,1064.04,4.4,0.0003280197550769,17.0,84.25,2.7
124,CMDDPGHHL,1,9,9,HLA-A*02:01,124,3.7,3.7,355.983607633226,4.0,312.6871254418579,3.7,568.28,3.0,0.0029376496519615,59.0,46.62,1.7
41,FYFDGHHTL,1,9,9,HLA-A*02:01,41,3.7,5.6,309.3356685078545,3.7,291.8166046224626,3.6,1620.42,5.6,0.0001521247929008,8.2,150.09,3.5
71,ELFDGGHTL,1,9,9,HLA-A*02:01,71,3.9,4.0,340.7453987046739,3.9,358.1871488170528,4.0,233.69,1.7,0.0001717908387157,9.2,39.92,1.5
70,FYFDGGHTL,1,9,9,HLA-A*02:01,70,4.0,6.4,360.93583291494593,4.0,360.6699835196238,4.0,1993.76,6.4,0.0001746626318885,9.3,143.34,3.4
14,YFDGDVHTL,1,9,9,HLA-A*02:01,14,4.1,6.2,383.20397023961993,4.1,364.84634509670906,4.0,1892.71,6.2,0.0018026026284757,48.0,145.1,3.5
104,FYFDDGHTL,1,9,9,HLA-A*02:01,104,4.3,9.0,393.939926913101,4.1,390.0407653921888,4.1,3497.83,9.0,0.0002524643145948,14.0,220.26,4.3
141,FYFDGGMHL,1,9,9,HLA-A*02:01,141,4.5,5.2,364.2755310579008,4.0,382.9217191177224,4.1,1390.93,5.2,0.0002198872257753,13.0,234.45,4.5
54,FFDDGGHTL,1,9,9,HLA-A*02:01,54,4.9,7.3,528.9687306521242,4.9,526.1505152117028,4.9,2464.19,7.3,0.0002605553530049,14.0,123.71,3.2
58,FFDDGGHHL,1,9,9,HLA-A*02:01,58,5.0,8.8,547.5578379528616,5.0,547.1545310299982,5.0,3335.43,8.8,0.0003356603166999,17.0,127.17,3.3
109,FFDDDGHTL,1,9,9,HLA-A*02:01,109,5.2,9.0,577.3378093538253,5.2,568.9970306428373,5.1,3474.89,9.0,0.0003766170697141,18.0,170.21,3.8
46,FFDEGGHTL,1,9,9,HLA-A*02:01,46,5.3,7.0,593.5126775403678,5.3,583.5929005101575,5.3,2294.78,7.0,0.0004741327995786,22.0,120.15,3.2
66,FFDDDGHHL,1,9,9,HLA-A*02:01,66,5.3,10.0,597.6267108804242,5.3,591.711486462341,5.3,4152.33,10.0,0.0004851767712192,22.0,190.11,4.0
151,FEDDGFHHL,1,9,9,HLA-A*02:01,151,5.3,12.0,507.4929342398287,4.9,594.4427025891683,5.3,4287.09,12.0,0.0001949844599758,12.0,82.95,2.6
117,FFFDPGHHL,1,9,9,HLA-A*02:01,117,5.8,6.7,665.9321770624629,5.8,666.9756823301815,5.8,2130.74,6.7,0.0003280197550769,17.0,101.16,2.9
33,FEDDDTHTL,1,9,9,HLA-A*02:01,33,5.9,6.5,678.3127805839554,5.9,787.2451613322044,6.5,4490.68,12.0,5.01187233627e-05,2.9,171.82,3.9
129,FYDDGGHHL,1,9,9,HLA-A*02:01,129,6.5,17.0,784.2057096684701,6.5,753.5464010827392,6.3,8563.06,17.0,0.0003328127839596,17.0,219.94,4.3
42,FEFDGGHTL,1,9,9,HLA-A*02:01,42,7.3,8.8,824.9545078057163,6.6,988.803511407055,7.3,3557.95,9.1,0.0001659586907437,8.8,126.07,3.2
139,FEFDDGMHL,1,9,9,HLA-A*02:01,139,7.8,9.2,908.7198189313845,7.0,1135.2983325708458,7.8,3597.32,9.2,0.0003019951720402,16.0,173.7,3.9
159,FEFDGGHVL,1,9,9,HLA-A*02:01,159,8.4,9.4,1055.4313740671066,7.5,1285.612244183946,8.4,6413.03,14.0,0.0001778279410038,9.4,300.6,4.8
92,FFDDPGHTL,1,9,9,HLA-A*02:01,92,8.6,13.0,1350.299167802741,8.6,1288.575886482654,8.4,5529.34,13.0,0.0003766170697141,18.0,107.73,3.0
119,FFDDPGHHL,1,9,9,HLA-A*02:01,119,8.7,15.0,1397.7516062246432,8.7,1340.0160495543696,8.6,6507.18,15.0,0.0004851767712192,22.0,113.53,3.1
88,FEDDGGHTL,1,9,9,HLA-A*02:01,88,12.0,14.0,1731.529918608432,9.9,1986.5980278501863,12.0,10123.96,19.0,0.0002454708915685,14.0,217.43,4.3
147,FEFDGFKHL,1,9,9,HLA-A*02:01,147,12.0,14.0,1497.717829996579,9.1,1849.73706912017,12.0,7111.2,15.0,0.0002624218543384,14.0,172.18,3.9
153,FEDDGGHHL,1,9,9,HLA-A*02:01,153,12.0,16.0,1792.379631618439,11.0,2065.903350557649,12.0,11559.8,21.0,0.0003162277660168,16.0,218.65,4.3
101,FFDQGGHTL,1,9,9,HLA-A*02:01,101,12.0,16.0,1898.5848017237256,12.0,1754.3247886056583,10.0,7755.42,16.0,0.0005570574669415,24.0,237.02,4.5
1,GILGFVFTL,1,9,9,HLA-A*02:01,1,0.8,0.8,45.7540982049587,0.8,48.6530420632917,0.8,15.71,0.15,0.000349945167028356,17.0,19.96,0.48
